variable,period,coeff,se,ci_lo,ci_hi,avg_post_coeff,avg_post_se,avg_post_p,avg_pre_coeff,avg_pre_se,avg_pre_p,joint_f_pre_p,joint_f_post_p,part
pop_allpop,-1,0,0,0,0,90.2553270309499,172.053845286058,.5998779376249133,20.33515263200707,190.7366234931857,.9150953851353961,.4485511201811128,.9040614051989875,migration
pop_allpop,-10,-464.1289568340118,396.9904898494613,-1242.230316938956,313.9724032709324,90.2553270309499,172.053845286058,.5998779376249133,20.33515263200707,190.7366234931857,.9150953851353961,.4485511201811128,.9040614051989875,migration
pop_allpop,-9,26.76349548450168,382.3979859872308,-722.7365570504707,776.2635480194741,90.2553270309499,172.053845286058,.5998779376249133,20.33515263200707,190.7366234931857,.9150953851353961,.4485511201811128,.9040614051989875,migration
pop_allpop,-8,60.32106609717772,351.224694637248,-628.0793353918284,748.7214675861837,90.2553270309499,172.053845286058,.5998779376249133,20.33515263200707,190.7366234931857,.9150953851353961,.4485511201811128,.9040614051989875,migration
pop_allpop,-7,-15.99689164473529,321.4880360185201,-646.1134422410348,614.1196589515641,90.2553270309499,172.053845286058,.5998779376249133,20.33515263200707,190.7366234931857,.9150953851353961,.4485511201811128,.9040614051989875,migration
pop_allpop,-6,135.2874733639537,269.307166335771,-392.5545726541575,663.1295193820649,90.2553270309499,172.053845286058,.5998779376249133,20.33515263200707,190.7366234931857,.9150953851353961,.4485511201811128,.9040614051989875,migration
pop_allpop,-5,177.5143759556696,200.421922894914,-215.3125929183618,570.341344829701,90.2553270309499,172.053845286058,.5998779376249133,20.33515263200707,190.7366234931857,.9150953851353961,.4485511201811128,.9040614051989875,migration
pop_allpop,-4,71.81193012400389,172.6799437472592,-266.6407596206241,410.2646198686319,90.2553270309499,172.053845286058,.5998779376249133,20.33515263200707,190.7366234931857,.9150953851353961,.4485511201811128,.9040614051989875,migration
pop_allpop,-3,42.726003653634,159.9804263701506,-270.8356320318612,356.2876393391292,90.2553270309499,172.053845286058,.5998779376249133,20.33515263200707,190.7366234931857,.9150953851353961,.4485511201811128,.9040614051989875,migration
pop_allpop,-2,148.7178774878701,151.8036877757384,-148.8173505525772,446.2531055283174,90.2553270309499,172.053845286058,.5998779376249133,20.33515263200707,190.7366234931857,.9150953851353961,.4485511201811128,.9040614051989875,migration
pop_allpop,0,168.8282937858508,160.4007708036079,-145.5572169892207,483.2138045609223,90.2553270309499,172.053845286058,.5998779376249133,20.33515263200707,190.7366234931857,.9150953851353961,.4485511201811128,.9040614051989875,migration
pop_allpop,1,41.57838958403196,100.3388501225046,-155.0857566560771,238.242535824141,90.2553270309499,172.053845286058,.5998779376249133,20.33515263200707,190.7366234931857,.9150953851353961,.4485511201811128,.9040614051989875,migration
pop_allpop,2,146.1550989552394,129.3769526273225,-107.4237281943127,399.7339261047915,90.2553270309499,172.053845286058,.5998779376249133,20.33515263200707,190.7366234931857,.9150953851353961,.4485511201811128,.9040614051989875,migration
pop_allpop,3,150.9393680712998,152.595975408012,-148.1487437284037,450.0274798710034,90.2553270309499,172.053845286058,.5998779376249133,20.33515263200707,190.7366234931857,.9150953851353961,.4485511201811128,.9040614051989875,migration
pop_allpop,4,105.9160928914018,166.9926172400163,-221.3894368990301,433.2216226818338,90.2553270309499,172.053845286058,.5998779376249133,20.33515263200707,190.7366234931857,.9150953851353961,.4485511201811128,.9040614051989875,migration
pop_allpop,5,89.27250638393848,192.4587857213145,-287.946713629838,466.491726397715,90.2553270309499,172.053845286058,.5998779376249133,20.33515263200707,190.7366234931857,.9150953851353961,.4485511201811128,.9040614051989875,migration
pop_allpop,6,-62.35272653500284,230.4000789818498,-513.9368813394284,389.2314282694227,90.2553270309499,172.053845286058,.5998779376249133,20.33515263200707,190.7366234931857,.9150953851353961,.4485511201811128,.9040614051989875,migration
pop_allpop,7,173.3508289905204,287.7438435786235,-390.6271044235816,737.3287624046225,90.2553270309499,172.053845286058,.5998779376249133,20.33515263200707,190.7366234931857,.9150953851353961,.4485511201811128,.9040614051989875,migration
pop_allpop,8,32.44856682222415,282.5060879739454,-521.2633656067088,586.1604992511571,90.2553270309499,172.053845286058,.5998779376249133,20.33515263200707,190.7366234931857,.9150953851353961,.4485511201811128,.9040614051989875,migration
pop_allpop,9,35.427882172152,304.4874987639629,-561.3676154052152,632.2233797495192,90.2553270309499,172.053845286058,.5998779376249133,20.33515263200707,190.7366234931857,.9150953851353961,.4485511201811128,.9040614051989875,migration
pop_allpop,10,111.244296218793,360.7427901221242,-595.8115724205703,818.3001648581563,90.2553270309499,172.053845286058,.5998779376249133,20.33515263200707,190.7366234931857,.9150953851353961,.4485511201811128,.9040614051989875,migration
log_pop,-1,0,0,0,0,.004424424664376,.0055664240433993,.4267057250622495,-.0008073829733351,.0049117134730395,.8694327262627936,.5081531586707563,.9677530084705345,migration
log_pop,-10,-.0129789195800002,.0099540063125888,-.0324887719526743,.0065309327926738,.004424424664376,.0055664240433993,.4267057250622495,-.0008073829733351,.0049117134730395,.8694327262627936,.5081531586707563,.9677530084705345,migration
log_pop,-9,-.0023398221346133,.0093291590230539,-.0206249738197989,.0159453295505723,.004424424664376,.0055664240433993,.4267057250622495,-.0008073829733351,.0049117134730395,.8694327262627936,.5081531586707563,.9677530084705345,migration
log_pop,-8,-.0001929385589847,.0083896579588216,-.016636668158275,.0162507910403056,.004424424664376,.0055664240433993,.4267057250622495,-.0008073829733351,.0049117134730395,.8694327262627936,.5081531586707563,.9677530084705345,migration
log_pop,-7,-.0018815509074627,.0071956512025042,-.0159850272643709,.0122219254494455,.004424424664376,.0055664240433993,.4267057250622495,-.0008073829733351,.0049117134730395,.8694327262627936,.5081531586707563,.9677530084705345,migration
log_pop,-6,.0027721099003667,.0059926831483717,-.0089735490704418,.0145177688711752,.004424424664376,.0055664240433993,.4267057250622495,-.0008073829733351,.0049117134730395,.8694327262627936,.5081531586707563,.9677530084705345,migration
log_pop,-5,.0049991866258341,.004468069323432,-.0037582292480926,.0137566024997608,.004424424664376,.0055664240433993,.4267057250622495,-.0008073829733351,.0049117134730395,.8694327262627936,.5081531586707563,.9677530084705345,migration
log_pop,-4,.0009150054141144,.0039659546320894,-.0068582656647808,.0086882764930096,.004424424664376,.0055664240433993,.4267057250622495,-.0008073829733351,.0049117134730395,.8694327262627936,.5081531586707563,.9677530084705345,migration
log_pop,-3,.0001755981157721,.0033843336269283,-.0064576957930074,.0068088920245516,.004424424664376,.0055664240433993,.4267057250622495,-.0008073829733351,.0049117134730395,.8694327262627936,.5081531586707563,.9677530084705345,migration
log_pop,-2,.0012648843649582,.0031899000540462,-.0049873197409724,.0075170884708888,.004424424664376,.0055664240433993,.4267057250622495,-.0008073829733351,.0049117134730395,.8694327262627936,.5081531586707563,.9677530084705345,migration
log_pop,0,.0012792953876799,.003063163678392,-.0047245054219684,.0072830961973282,.004424424664376,.0055664240433993,.4267057250622495,-.0008073829733351,.0049117134730395,.8694327262627936,.5081531586707563,.9677530084705345,migration
log_pop,1,.0005956396539768,.0030436933548058,-.0053699993214426,.0065612786293962,.004424424664376,.0055664240433993,.4267057250622495,-.0008073829733351,.0049117134730395,.8694327262627936,.5081531586707563,.9677530084705345,migration
log_pop,2,.0052871315733029,.0041616696325055,-.0028697409064079,.0134440040530137,.004424424664376,.0055664240433993,.4267057250622495,-.0008073829733351,.0049117134730395,.8694327262627936,.5081531586707563,.9677530084705345,migration
log_pop,3,.0046802248247483,.0048981654427609,-.0049201794430631,.0142806290925597,.004424424664376,.0055664240433993,.4267057250622495,-.0008073829733351,.0049117134730395,.8694327262627936,.5081531586707563,.9677530084705345,migration
log_pop,4,.003994552428655,.0054700276651739,-.0067267017950858,.0147158066523958,.004424424664376,.0055664240433993,.4267057250622495,-.0008073829733351,.0049117134730395,.8694327262627936,.5081531586707563,.9677530084705345,migration
log_pop,5,.0037529470488796,.00581813654106,-.007650600571598,.0151564946693572,.004424424664376,.0055664240433993,.4267057250622495,-.0008073829733351,.0049117134730395,.8694327262627936,.5081531586707563,.9677530084705345,migration
log_pop,6,.0022405207199831,.0080250163330087,-.013488511292714,.0179695527326802,.004424424664376,.0055664240433993,.4267057250622495,-.0008073829733351,.0049117134730395,.8694327262627936,.5081531586707563,.9677530084705345,migration
log_pop,7,.0045414100632181,.0097392215737062,-.0145474642212461,.0236302843476823,.004424424664376,.0055664240433993,.4267057250622495,-.0008073829733351,.0049117134730395,.8694327262627936,.5081531586707563,.9677530084705345,migration
log_pop,8,.0042726854423487,.0107989803708371,-.016893316084492,.0254386869691894,.004424424664376,.0055664240433993,.4267057250622495,-.0008073829733351,.0049117134730395,.8694327262627936,.5081531586707563,.9677530084705345,migration
log_pop,9,.0057003217238399,.0113831484237178,-.016610649186647,.0280112926343268,.004424424664376,.0055664240433993,.4267057250622495,-.0008073829733351,.0049117134730395,.8694327262627936,.5081531586707563,.9677530084705345,migration
log_pop,10,.0123239424415035,.0112894762765828,-.0098034310605988,.0344513159436058,.004424424664376,.0055664240433993,.4267057250622495,-.0008073829733351,.0049117134730395,.8694327262627936,.5081531586707563,.9677530084705345,migration
rnetmig,-1,0,0,0,0,.0218726283528615,.7363780521531941,.9763039289966887,-.1871434572909277,.88834395702934,.8331482680773814,.4643166714551652,.8406235344473612,migration
rnetmig,-10,1.381122480243287,1.061498479655278,-.6994145398810578,3.461659500367632,.0218726283528615,.7363780521531941,.9763039289966887,-.1871434572909277,.88834395702934,.8331482680773814,.4643166714551652,.8406235344473612,migration
rnetmig,-9,-.9479992544357907,1.503541335888888,-3.894940272778011,1.99894176390643,.0218726283528615,.7363780521531941,.9763039289966887,-.1871434572909277,.88834395702934,.8331482680773814,.4643166714551652,.8406235344473612,migration
rnetmig,-8,1.588158794087253,1.491478869508129,-1.335139790148679,4.511457378323185,.0218726283528615,.7363780521531941,.9763039289966887,-.1871434572909277,.88834395702934,.8331482680773814,.4643166714551652,.8406235344473612,migration
rnetmig,-7,-.190036010720817,1.427618218716131,-2.988167719404434,2.6080956979628,.0218726283528615,.7363780521531941,.9763039289966887,-.1871434572909277,.88834395702934,.8331482680773814,.4643166714551652,.8406235344473612,migration
rnetmig,-6,-.3692795384559387,1.481296203253925,-3.272620096833632,2.534061019921754,.0218726283528615,.7363780521531941,.9763039289966887,-.1871434572909277,.88834395702934,.8331482680773814,.4643166714551652,.8406235344473612,migration
rnetmig,-5,-1.244936857823741,1.355476907852773,-3.901671597215176,1.411797881567694,.0218726283528615,.7363780521531941,.9763039289966887,-.1871434572909277,.88834395702934,.8331482680773814,.4643166714551652,.8406235344473612,migration
rnetmig,-4,-.7607516896788756,1.010918509827936,-2.74215196894163,1.220648589583879,.0218726283528615,.7363780521531941,.9763039289966887,-.1871434572909277,.88834395702934,.8331482680773814,.4643166714551652,.8406235344473612,migration
rnetmig,-3,-.8538716009721112,1.059691519467727,-2.930866979128856,1.223123777184633,.0218726283528615,.7363780521531941,.9763039289966887,-.1871434572909277,.88834395702934,.8331482680773814,.4643166714551652,.8406235344473612,migration
rnetmig,-2,-.2866974378616145,.8482623326696975,-1.949291609894222,1.375896734170993,.0218726283528615,.7363780521531941,.9763039289966887,-.1871434572909277,.88834395702934,.8331482680773814,.4643166714551652,.8406235344473612,migration
rnetmig,0,.574779092576672,.7608839386955778,-.9165534272666604,2.066111612420005,.0218726283528615,.7363780521531941,.9763039289966887,-.1871434572909277,.88834395702934,.8331482680773814,.4643166714551652,.8406235344473612,migration
rnetmig,1,.797295796069185,1.960109001704839,-3.044517847272299,4.639109439410669,.0218726283528615,.7363780521531941,.9763039289966887,-.1871434572909277,.88834395702934,.8331482680773814,.4643166714551652,.8406235344473612,migration
rnetmig,2,1.567598256001026,1.930315310313371,-2.215819752213181,5.351016264215233,.0218726283528615,.7363780521531941,.9763039289966887,-.1871434572909277,.88834395702934,.8331482680773814,.4643166714551652,.8406235344473612,migration
rnetmig,3,1.383968769665069,1.448224165772386,-1.454550595248808,4.222488134578946,.0218726283528615,.7363780521531941,.9763039289966887,-.1871434572909277,.88834395702934,.8331482680773814,.4643166714551652,.8406235344473612,migration
rnetmig,4,-.4989716870737673,.8885106185675963,-2.240452499466256,1.242509125318721,.0218726283528615,.7363780521531941,.9763039289966887,-.1871434572909277,.88834395702934,.8331482680773814,.4643166714551652,.8406235344473612,migration
rnetmig,5,-.3498168615236205,.8595371469037039,-2.03450966945488,1.334875946407639,.0218726283528615,.7363780521531941,.9763039289966887,-.1871434572909277,.88834395702934,.8331482680773814,.4643166714551652,.8406235344473612,migration
rnetmig,6,-.1377807229223904,1.178307727877025,-2.447263869561359,2.171702423716579,.0218726283528615,.7363780521531941,.9763039289966887,-.1871434572909277,.88834395702934,.8331482680773814,.4643166714551652,.8406235344473612,migration
rnetmig,7,-.045877434707472,1.172057279507103,-2.343109702541394,2.25135483312645,.0218726283528615,.7363780521531941,.9763039289966887,-.1871434572909277,.88834395702934,.8331482680773814,.4643166714551652,.8406235344473612,migration
rnetmig,8,-.0775626100462083,1.178983900347251,-2.38837105472682,2.233245834634404,.0218726283528615,.7363780521531941,.9763039289966887,-.1871434572909277,.88834395702934,.8331482680773814,.4643166714551652,.8406235344473612,migration
rnetmig,9,-1.563645203802051,1.49526132984836,-4.494357410304836,1.367067002700734,.0218726283528615,.7363780521531941,.9763039289966887,-.1871434572909277,.88834395702934,.8331482680773814,.4643166714551652,.8406235344473612,migration
rnetmig,10,-1.409388482354966,1.07573036856532,-3.517820004742993,.6990430400330609,.0218726283528615,.7363780521531941,.9763039289966887,-.1871434572909277,.88834395702934,.8331482680773814,.4643166714551652,.8406235344473612,migration
pop_nonwhite,-1,0,0,0,0,.3065887325092849,.2104314720992775,.1451293965194313,-.130452589537297,.1015125131332331,.1987612692064633,.8735006508556729,.8412853814088139,composition
pop_nonwhite,-10,-.1958163018805754,.2142083438908966,-.6156646559067327,.2240320521455819,.3065887325092849,.2104314720992775,.1451293965194313,-.130452589537297,.1015125131332331,.1987612692064633,.8735006508556729,.8412853814088139,composition
pop_nonwhite,-9,-.158515110703457,.1855933385966789,-.5222780543529476,.2052478329460336,.3065887325092849,.2104314720992775,.1451293965194313,-.130452589537297,.1015125131332331,.1987612692064633,.8735006508556729,.8412853814088139,composition
pop_nonwhite,-8,-.1561523012124627,.1669553093897876,-.4833847076164464,.1710801051915209,.3065887325092849,.2104314720992775,.1451293965194313,-.130452589537297,.1015125131332331,.1987612692064633,.8735006508556729,.8412853814088139,composition
pop_nonwhite,-7,-.158317683805304,.1424847629605356,-.4375878192079538,.1209524515973458,.3065887325092849,.2104314720992775,.1451293965194313,-.130452589537297,.1015125131332331,.1987612692064633,.8735006508556729,.8412853814088139,composition
pop_nonwhite,-6,-.0979194517567785,.1129193667596006,-.3192414106055957,.1234025070920387,.3065887325092849,.2104314720992775,.1451293965194313,-.130452589537297,.1015125131332331,.1987612692064633,.8735006508556729,.8412853814088139,composition
pop_nonwhite,-5,-.0766549832168945,.0883234967224096,-.2497690367928173,.0964590703590283,.3065887325092849,.2104314720992775,.1451293965194313,-.130452589537297,.1015125131332331,.1987612692064633,.8735006508556729,.8412853814088139,composition
pop_nonwhite,-4,-.1352754957929919,.1095200911631831,-.3499348744728308,.079383882886847,.3065887325092849,.2104314720992775,.1451293965194313,-.130452589537297,.1015125131332331,.1987612692064633,.8735006508556729,.8412853814088139,composition
pop_nonwhite,-3,-.1699805285701474,.0900224390098914,-.3464245090295345,.0064634518892397,.3065887325092849,.2104314720992775,.1451293965194313,-.130452589537297,.1015125131332331,.1987612692064633,.8735006508556729,.8412853814088139,composition
pop_nonwhite,-2,-.0254414488970613,.0428730495316168,-.1094726259790302,.0585897281849076,.3065887325092849,.2104314720992775,.1451293965194313,-.130452589537297,.1015125131332331,.1987612692064633,.8735006508556729,.8412853814088139,composition
pop_nonwhite,0,.000663599606479,.0360404772540345,-.0699757358114286,.0713029350243866,.3065887325092849,.2104314720992775,.1451293965194313,-.130452589537297,.1015125131332331,.1987612692064633,.8735006508556729,.8412853814088139,composition
pop_nonwhite,1,.0672092796930046,.0655771094160861,-.0613218547625242,.1957404141485334,.3065887325092849,.2104314720992775,.1451293965194313,-.130452589537297,.1015125131332331,.1987612692064633,.8735006508556729,.8412853814088139,composition
pop_nonwhite,2,.1682529460921477,.1274271153920026,-.0815042000761774,.4180100922604728,.3065887325092849,.2104314720992775,.1451293965194313,-.130452589537297,.1015125131332331,.1987612692064633,.8735006508556729,.8412853814088139,composition
pop_nonwhite,3,.2246125120032205,.1595777547441839,-.08815988729538,.537384911301821,.3065887325092849,.2104314720992775,.1451293965194313,-.130452589537297,.1015125131332331,.1987612692064633,.8735006508556729,.8412853814088139,composition
pop_nonwhite,4,.1796413935540035,.1761857042571633,-.1656825867900366,.5249653738980435,.3065887325092849,.2104314720992775,.1451293965194313,-.130452589537297,.1015125131332331,.1987612692064633,.8735006508556729,.8412853814088139,composition
pop_nonwhite,5,.2242114627207392,.1892128418632247,-.1466457073311812,.5950686327726596,.3065887325092849,.2104314720992775,.1451293965194313,-.130452589537297,.1015125131332331,.1987612692064633,.8735006508556729,.8412853814088139,composition
pop_nonwhite,6,.4292300099288444,.2665202681312464,-.0931497156083986,.9516097354660874,.3065887325092849,.2104314720992775,.1451293965194313,-.130452589537297,.1015125131332331,.1987612692064633,.8735006508556729,.8412853814088139,composition
pop_nonwhite,7,.4374533136246189,.3244644787022579,-.1984970646318066,1.073403691881044,.3065887325092849,.2104314720992775,.1451293965194313,-.130452589537297,.1015125131332331,.1987612692064633,.8735006508556729,.8412853814088139,composition
pop_nonwhite,8,.5220226398626631,.3626792371535015,-.1888286649581998,1.232873944683526,.3065887325092849,.2104314720992775,.1451293965194313,-.130452589537297,.1015125131332331,.1987612692064633,.8735006508556729,.8412853814088139,composition
pop_nonwhite,9,.4629661169874651,.3676877757950324,-.2577019235707984,1.183634157545729,.3065887325092849,.2104314720992775,.1451293965194313,-.130452589537297,.1015125131332331,.1987612692064633,.8735006508556729,.8412853814088139,composition
pop_nonwhite,10,.6562127835289479,.4576867902318109,-.2408533253254015,1.553278892383297,.3065887325092849,.2104314720992775,.1451293965194313,-.130452589537297,.1015125131332331,.1987612692064633,.8735006508556729,.8412853814088139,composition
pop_white,-1,0,0,0,0,-.3065018585214007,.2103630055336999,.1451124968583692,.1303326938714409,.1014178287124416,.1987551291350519,.8734863920069551,.8412200145476038,composition
pop_white,-10,.1955875782785155,.2140117695160146,-.2238754899728731,.6150506465299042,-.3065018585214007,.2103630055336999,.1451124968583692,.1303326938714409,.1014178287124416,.1987551291350519,.8734863920069551,.8412200145476038,composition
pop_white,-9,.1583825259343121,.1854846703898017,-.2051674280296993,.5219324798983235,-.3065018585214007,.2103630055336999,.1451124968583692,.1303326938714409,.1014178287124416,.1987551291350519,.8734863920069551,.8412200145476038,composition
pop_white,-8,.1561409240007639,.1669459958202731,-.1710732278069714,.4833550758084992,-.3065018585214007,.2103630055336999,.1451124968583692,.1303326938714409,.1014178287124416,.1987551291350519,.8734863920069551,.8412200145476038,composition
pop_white,-7,.1582989981326233,.1424784073058901,-.1209586801869213,.4375566764521679,-.3065018585214007,.2103630055336999,.1451124968583692,.1303326938714409,.1014178287124416,.1987551291350519,.8734863920069551,.8412200145476038,composition
pop_white,-6,.0978591323958841,.1128976680762732,-.1234202970336114,.3191385618253796,-.3065018585214007,.2103630055336999,.1451124968583692,.1303326938714409,.1014178287124416,.1987551291350519,.8734863920069551,.8412200145476038,composition
pop_white,-5,.0764135122507723,.0881566531199125,-.0963735278642562,.2492005523658008,-.3065018585214007,.2103630055336999,.1451124968583692,.1303326938714409,.1014178287124416,.1987551291350519,.8734863920069551,.8412200145476038,composition
pop_white,-4,.1351160106418261,.109460647830458,-.0794268591058716,.3496588803895238,-.3065018585214007,.2103630055336999,.1451124968583692,.1303326938714409,.1014178287124416,.1987551291350519,.8734863920069551,.8412200145476038,composition
pop_white,-3,.1699020992622681,.0899882766508148,-.0064749229733289,.3462791214978651,-.3065018585214007,.2103630055336999,.1451124968583692,.1303326938714409,.1014178287124416,.1987551291350519,.8734863920069551,.8412200145476038,composition
pop_white,-2,.0252934639460031,.0428080176854021,-.058610250717385,.1091971786093912,-.3065018585214007,.2103630055336999,.1451124968583692,.1303326938714409,.1014178287124416,.1987551291350519,.8734863920069551,.8412200145476038,composition
pop_white,0,-.0006085962216798,.0359802859111632,-.0711299566075597,.0699127641642001,-.3065018585214007,.2103630055336999,.1451124968583692,.1303326938714409,.1014178287124416,.1987551291350519,.8734863920069551,.8412200145476038,composition
pop_white,1,-.0671490944178945,.0655158307716427,-.1955601227303142,.0612619338945252,-.3065018585214007,.2103630055336999,.1451124968583692,.1303326938714409,.1014178287124416,.1987551291350519,.8734863920069551,.8412200145476038,composition
pop_white,2,-.1681934868405967,.1273871857988964,-.4178723710064337,.0814853973252402,-.3065018585214007,.2103630055336999,.1451124968583692,.1303326938714409,.1014178287124416,.1987551291350519,.8734863920069551,.8412200145476038,composition
pop_white,3,-.2245464148434458,.1595344166896711,-.5372338715552012,.0881410418683095,-.3065018585214007,.2103630055336999,.1451124968583692,.1303326938714409,.1014178287124416,.1987551291350519,.8734863920069551,.8412200145476038,composition
pop_white,4,-.1795705200802578,.1761342829503241,-.524793714662893,.1656526745023774,-.3065018585214007,.2103630055336999,.1451124968583692,.1303326938714409,.1014178287124416,.1987551291350519,.8734863920069551,.8412200145476038,composition
pop_white,5,-.2241395274018873,.1891553084951043,-.5948839320522917,.1466048772485171,-.3065018585214007,.2103630055336999,.1451124968583692,.1303326938714409,.1014178287124416,.1987551291350519,.8734863920069551,.8412200145476038,composition
pop_white,6,-.4291363930623205,.2664416115043718,-.9513619516108891,.0930891654862482,-.3065018585214007,.2103630055336999,.1451124968583692,.1303326938714409,.1014178287124416,.1987551291350519,.8734863920069551,.8412200145476038,composition
pop_white,7,-.4373553178215032,.3243886105944701,-1.073156994586665,.1984463589436582,-.3065018585214007,.2103630055336999,.1451124968583692,.1303326938714409,.1014178287124416,.1987551291350519,.8734863920069551,.8412200145476038,composition
pop_white,8,-.5219167826755459,.3626107177622589,-1.232633789489573,.1888002241384815,-.3065018585214007,.2103630055336999,.1451124968583692,.1303326938714409,.1014178287124416,.1987551291350519,.8734863920069551,.8412200145476038,composition
pop_white,9,-.4628488968072044,.3676047189396739,-1.183354145928965,.2576563523145564,-.3065018585214007,.2103630055336999,.1451124968583692,.1303326938714409,.1014178287124416,.1987551291350519,.8734863920069551,.8412200145476038,composition
pop_white,10,-.6560554135630713,.4575847804740219,-1.552921583292154,.2408107561660117,-.3065018585214007,.2103630055336999,.1451124968583692,.1303326938714409,.1014178287124416,.1987551291350519,.8734863920069551,.8412200145476038,composition
pop_male,-1,0,0,0,0,.080267826258078,.1536433232058821,.6013712223271528,-.0179496288347901,.0670581099566653,.7889512254458516,.7232130867913997,.9825045708350493,composition
pop_male,-10,.0017992758001296,.1569098577374822,-.3057440453653355,.3093425969655947,.080267826258078,.1536433232058821,.6013712223271528,-.0179496288347901,.0670581099566653,.7889512254458516,.7232130867913997,.9825045708350493,composition
pop_male,-9,.0129875070646498,.1131671415731563,-.2088200904187366,.2347951045480361,.080267826258078,.1536433232058821,.6013712223271528,-.0179496288347901,.0670581099566653,.7889512254458516,.7232130867913997,.9825045708350493,composition
pop_male,-8,.0160657336773333,.0986440747019662,-.1772766527385205,.2094081200931871,.080267826258078,.1536433232058821,.6013712223271528,-.0179496288347901,.0670581099566653,.7889512254458516,.7232130867913997,.9825045708350493,composition
pop_male,-7,-.0136628123946529,.0850917711549634,-.1804426838583812,.1531170590690754,.080267826258078,.1536433232058821,.6013712223271528,-.0179496288347901,.0670581099566653,.7889512254458516,.7232130867913997,.9825045708350493,composition
pop_male,-6,.0263280932372867,.0674744382451214,-.1059218057231512,.1585779921977246,.080267826258078,.1536433232058821,.6013712223271528,-.0179496288347901,.0670581099566653,.7889512254458516,.7232130867913997,.9825045708350493,composition
pop_male,-5,-.0249531850530719,.0568178346828521,-.136316141031462,.0864097709253182,.080267826258078,.1536433232058821,.6013712223271528,-.0179496288347901,.0670581099566653,.7889512254458516,.7232130867913997,.9825045708350493,composition
pop_male,-4,-.0505099922980756,.0739242308846746,-.1954014848320378,.0943815002358866,.080267826258078,.1536433232058821,.6013712223271528,-.0179496288347901,.0670581099566653,.7889512254458516,.7232130867913997,.9825045708350493,composition
pop_male,-3,-.108559340576326,.0678249182013613,-.2414961802509942,.0243774990983422,.080267826258078,.1536433232058821,.6013712223271528,-.0179496288347901,.0670581099566653,.7889512254458516,.7232130867913997,.9825045708350493,composition
pop_male,-2,-.0210419389703843,.0305708676822658,-.0809608396276253,.0388769616868567,.080267826258078,.1536433232058821,.6013712223271528,-.0179496288347901,.0670581099566653,.7889512254458516,.7232130867913997,.9825045708350493,composition
pop_male,0,-.020029730249855,.0244824255053389,-.0680152842403192,.0279558237406092,.080267826258078,.1536433232058821,.6013712223271528,-.0179496288347901,.0670581099566653,.7889512254458516,.7232130867913997,.9825045708350493,composition
pop_male,1,-.0058043993485121,.0427841264916365,-.0896612872721196,.0780524885750954,.080267826258078,.1536433232058821,.6013712223271528,-.0179496288347901,.0670581099566653,.7889512254458516,.7232130867913997,.9825045708350493,composition
pop_male,2,.0852628509736102,.0987915817411908,-.1083686492391238,.2788943511863442,.080267826258078,.1536433232058821,.6013712223271528,-.0179496288347901,.0670581099566653,.7889512254458516,.7232130867913997,.9825045708350493,composition
pop_male,3,.1258174978021215,.13032183141711,-.1296132917754141,.3812482873796571,.080267826258078,.1536433232058821,.6013712223271528,-.0179496288347901,.0670581099566653,.7889512254458516,.7232130867913997,.9825045708350493,composition
pop_male,4,.0983776245802409,.1383173538958396,-.1727243890556047,.3694796382160865,.080267826258078,.1536433232058821,.6013712223271528,-.0179496288347901,.0670581099566653,.7889512254458516,.7232130867913997,.9825045708350493,composition
pop_male,5,.0921108297068088,.1421065467152821,-.1864180018551442,.3706396612687617,.080267826258078,.1536433232058821,.6013712223271528,-.0179496288347901,.0670581099566653,.7889512254458516,.7232130867913997,.9825045708350493,composition
pop_male,6,.146377850184487,.1999980250002179,-.2456182788159401,.538373979184914,.080267826258078,.1536433232058821,.6013712223271528,-.0179496288347901,.0670581099566653,.7889512254458516,.7232130867913997,.9825045708350493,composition
pop_male,7,.0935129005501351,.2289991308320453,-.3553253958806736,.5423511969809438,.080267826258078,.1536433232058821,.6013712223271528,-.0179496288347901,.0670581099566653,.7889512254458516,.7232130867913997,.9825045708350493,composition
pop_male,8,.1180289896689586,.2540713009075352,-.3799507601098104,.6160087394477276,.080267826258078,.1536433232058821,.6013712223271528,-.0179496288347901,.0670581099566653,.7889512254458516,.7232130867913997,.9825045708350493,composition
pop_male,9,.0719843781486864,.2649216337381957,-.4472620239781772,.59123078027555,.080267826258078,.1536433232058821,.6013712223271528,-.0179496288347901,.0670581099566653,.7889512254458516,.7232130867913997,.9825045708350493,composition
pop_male,10,.0773072968221767,.3375829341035784,-.584355254020837,.7389698476651905,.080267826258078,.1536433232058821,.6013712223271528,-.0179496288347901,.0670581099566653,.7889512254458516,.7232130867913997,.9825045708350493,composition
pop_female,-1,0,0,0,0,-.0802678262580784,.1536433232058819,.6013712223271503,.0179496288347848,.0670581099566651,.7889512254459125,.7232130867915053,.9825045708350472,composition
pop_female,-10,-.0017992758001367,.1569098577374806,-.3093425969655987,.3057440453653252,-.0802678262580784,.1536433232058819,.6013712223271503,.0179496288347848,.0670581099566651,.7889512254459125,.7232130867915053,.9825045708350472,composition
pop_female,-9,-.0129875070646638,.1131671415731558,-.2347951045480492,.2088200904187215,-.0802678262580784,.1536433232058819,.6013712223271503,.0179496288347848,.0670581099566651,.7889512254459125,.7232130867915053,.9825045708350472,composition
pop_female,-8,-.0160657336773256,.0986440747019661,-.2094081200931792,.1772766527385279,-.0802678262580784,.1536433232058819,.6013712223271503,.0179496288347848,.0670581099566651,.7889512254459125,.7232130867915053,.9825045708350472,composition
pop_female,-7,.0136628123946539,.0850917711549631,-.1531170590690738,.1804426838583816,-.0802678262580784,.1536433232058819,.6013712223271503,.0179496288347848,.0670581099566651,.7889512254459125,.7232130867915053,.9825045708350472,composition
pop_female,-6,-.0263280932372936,.0674744382451213,-.1585779921977313,.1059218057231441,-.0802678262580784,.1536433232058819,.6013712223271503,.0179496288347848,.0670581099566651,.7889512254459125,.7232130867915053,.9825045708350472,composition
pop_female,-5,.0249531850530665,.0568178346828528,-.086409770925325,.136316141031458,-.0802678262580784,.1536433232058819,.6013712223271503,.0179496288347848,.0670581099566651,.7889512254459125,.7232130867915053,.9825045708350472,composition
pop_female,-4,.0505099922980721,.0739242308846749,-.0943815002358907,.1954014848320349,-.0802678262580784,.1536433232058819,.6013712223271503,.0179496288347848,.0670581099566651,.7889512254459125,.7232130867915053,.9825045708350472,composition
pop_female,-3,.1085593405763157,.0678249182013633,-.0243774990983564,.2414961802509878,-.0802678262580784,.1536433232058819,.6013712223271503,.0179496288347848,.0670581099566651,.7889512254459125,.7232130867915053,.9825045708350472,composition
pop_female,-2,.0210419389703748,.030570867682265,-.0388769616868646,.0809608396276142,-.0802678262580784,.1536433232058819,.6013712223271503,.0179496288347848,.0670581099566651,.7889512254459125,.7232130867915053,.9825045708350472,composition
pop_female,0,.020029730249854,.0244824255053376,-.0279558237406077,.0680152842403157,-.0802678262580784,.1536433232058819,.6013712223271503,.0179496288347848,.0670581099566651,.7889512254459125,.7232130867915053,.9825045708350472,composition
pop_female,1,.0058043993485081,.0427841264916371,-.0780524885751006,.0896612872721168,-.0802678262580784,.1536433232058819,.6013712223271503,.0179496288347848,.0670581099566651,.7889512254459125,.7232130867915053,.9825045708350472,composition
pop_female,2,-.0852628509736133,.0987915817411896,-.2788943511863449,.1083686492391183,-.0802678262580784,.1536433232058819,.6013712223271503,.0179496288347848,.0670581099566651,.7889512254459125,.7232130867915053,.9825045708350472,composition
pop_female,3,-.1258174978021201,.1303218314171087,-.3812482873796532,.129613291775413,-.0802678262580784,.1536433232058819,.6013712223271503,.0179496288347848,.0670581099566651,.7889512254459125,.7232130867915053,.9825045708350472,composition
pop_female,4,-.0983776245802369,.1383173538958385,-.3694796382160804,.1727243890556066,-.0802678262580784,.1536433232058819,.6013712223271503,.0179496288347848,.0670581099566651,.7889512254459125,.7232130867915053,.9825045708350472,composition
pop_female,5,-.0921108297068166,.1421065467152816,-.3706396612687686,.1864180018551354,-.0802678262580784,.1536433232058819,.6013712223271503,.0179496288347848,.0670581099566651,.7889512254459125,.7232130867915053,.9825045708350472,composition
pop_female,6,-.1463778501844931,.1999980250002175,-.5383739791849194,.2456182788159332,-.0802678262580784,.1536433232058819,.6013712223271503,.0179496288347848,.0670581099566651,.7889512254459125,.7232130867915053,.9825045708350472,composition
pop_female,7,-.0935129005501372,.2289991308320448,-.542351196980945,.3553253958806706,-.0802678262580784,.1536433232058819,.6013712223271503,.0179496288347848,.0670581099566651,.7889512254459125,.7232130867915053,.9825045708350472,composition
pop_female,8,-.1180289896689534,.2540713009075368,-.6160087394477256,.3799507601098188,-.0802678262580784,.1536433232058819,.6013712223271503,.0179496288347848,.0670581099566651,.7889512254459125,.7232130867915053,.9825045708350472,composition
pop_female,9,-.0719843781486788,.2649216337381963,-.5912307802755435,.447262023978186,-.0802678262580784,.1536433232058819,.6013712223271503,.0179496288347848,.0670581099566651,.7889512254459125,.7232130867915053,.9825045708350472,composition
pop_female,10,-.0773072968221752,.337582934103578,-.738969847665188,.5843552540208377,-.0802678262580784,.1536433232058819,.6013712223271503,.0179496288347848,.0670581099566651,.7889512254459125,.7232130867915053,.9825045708350472,composition
pop_less25,-1,0,0,0,0,.0230854848784323,.1365218940336002,.8657201016859865,-.0340259753304906,.1143179632802215,.7659754263108177,.7994928634951001,.7493769529794418,composition
pop_less25,-10,-.0712179266065574,.2640115062554488,-.5886804788672371,.4462446256541222,.0230854848784323,.1365218940336002,.8657201016859865,-.0340259753304906,.1143179632802215,.7659754263108177,.7994928634951001,.7493769529794418,composition
pop_less25,-9,-.0719929199690352,.2071872407335081,-.4780799118067111,.3340940718686407,.0230854848784323,.1365218940336002,.8657201016859865,-.0340259753304906,.1143179632802215,.7659754263108177,.7994928634951001,.7493769529794418,composition
pop_less25,-8,-.101565486336124,.1866977365346966,-.4674930499441293,.2643620772718813,.0230854848784323,.1365218940336002,.8657201016859865,-.0340259753304906,.1143179632802215,.7659754263108177,.7994928634951001,.7493769529794418,composition
pop_less25,-7,-.0390160635303033,.1563782301600505,-.3455173946440023,.2674852675833957,.0230854848784323,.1365218940336002,.8657201016859865,-.0340259753304906,.1143179632802215,.7659754263108177,.7994928634951001,.7493769529794418,composition
pop_less25,-6,-.0270041371510601,.1302485631620102,-.2822913209486,.2282830466464799,.0230854848784323,.1365218940336002,.8657201016859865,-.0340259753304906,.1143179632802215,.7659754263108177,.7994928634951001,.7493769529794418,composition
pop_less25,-5,-.0567528067930248,.0921978653727239,-.2374606229235636,.123955009337514,.0230854848784323,.1365218940336002,.8657201016859865,-.0340259753304906,.1143179632802215,.7659754263108177,.7994928634951001,.7493769529794418,composition
pop_less25,-4,-.0172274317272441,.0696994955443418,-.153838442994154,.1193835795396658,.0230854848784323,.1365218940336002,.8657201016859865,-.0340259753304906,.1143179632802215,.7659754263108177,.7994928634951001,.7493769529794418,composition
pop_less25,-3,.0481017360311102,.0545184799460482,-.0587544846631443,.1549579567253647,.0230854848784323,.1365218940336002,.8657201016859865,-.0340259753304906,.1143179632802215,.7659754263108177,.7994928634951001,.7493769529794418,composition
pop_less25,-2,.0304412581078234,.0329401816705697,-.0341214979664932,.09500401418214,.0230854848784323,.1365218940336002,.8657201016859865,-.0340259753304906,.1143179632802215,.7659754263108177,.7994928634951001,.7493769529794418,composition
pop_less25,0,-.0371188184610532,.0326251619874908,-.1010641359565352,.0268264990344288,.0230854848784323,.1365218940336002,.8657201016859865,-.0340259753304906,.1143179632802215,.7659754263108177,.7994928634951001,.7493769529794418,composition
pop_less25,1,-.0035881703426848,.0697704059270543,-.1403381659597112,.1331618252743416,.0230854848784323,.1365218940336002,.8657201016859865,-.0340259753304906,.1143179632802215,.7659754263108177,.7994928634951001,.7493769529794418,composition
pop_less25,2,-.0656349056477767,.1051839179024849,-.2717953847366471,.1405255734410937,.0230854848784323,.1365218940336002,.8657201016859865,-.0340259753304906,.1143179632802215,.7659754263108177,.7994928634951001,.7493769529794418,composition
pop_less25,3,-.0555208253865693,.1326874361421189,-.3155882002251224,.2045465494519837,.0230854848784323,.1365218940336002,.8657201016859865,-.0340259753304906,.1143179632802215,.7659754263108177,.7994928634951001,.7493769529794418,composition
pop_less25,4,-.075296580954007,.1454040206725839,-.3602884614722714,.2096952995642575,.0230854848784323,.1365218940336002,.8657201016859865,-.0340259753304906,.1143179632802215,.7659754263108177,.7994928634951001,.7493769529794418,composition
pop_less25,5,-.0612357581806333,.1691815006476868,-.3928314994500994,.2703599830888328,.0230854848784323,.1365218940336002,.8657201016859865,-.0340259753304906,.1143179632802215,.7659754263108177,.7994928634951001,.7493769529794418,composition
pop_less25,6,.1553682852986517,.2005003524394404,-.2376124054826514,.5483489760799549,.0230854848784323,.1365218940336002,.8657201016859865,-.0340259753304906,.1143179632802215,.7659754263108177,.7994928634951001,.7493769529794418,composition
pop_less25,7,.1477880743122407,.1884342987063762,-.2215431511522567,.5171192997767381,.0230854848784323,.1365218940336002,.8657201016859865,-.0340259753304906,.1143179632802215,.7659754263108177,.7994928634951001,.7493769529794418,composition
pop_less25,8,.136994687415528,.2195055861917438,-.2932362615202898,.5672256363513458,.0230854848784323,.1365218940336002,.8657201016859865,-.0340259753304906,.1143179632802215,.7659754263108177,.7994928634951001,.7493769529794418,composition
pop_less25,9,.0760833260034883,.2465052605971827,-.4070669847669898,.5592336367739664,.0230854848784323,.1365218940336002,.8657201016859865,-.0340259753304906,.1143179632802215,.7659754263108177,.7994928634951001,.7493769529794418,composition
pop_less25,10,.0361010196055713,.3304021501042723,-.6114871945988024,.6836892338099451,.0230854848784323,.1365218940336002,.8657201016859865,-.0340259753304906,.1143179632802215,.7659754263108177,.7994928634951001,.7493769529794418,composition
pop_2544,-1,0,0,0,0,.1414066042542348,.1665989707567082,.3960012828354162,.1044574241121583,.0941282670183754,.2671132740574373,.4068933812299315,.969911527052792,composition
pop_2544,-10,.3800760158413481,.2119726127272606,-.0353903051040826,.7955423367867789,.1414066042542348,.1665989707567082,.3960012828354162,.1044574241121583,.0941282670183754,.2671132740574373,.4068933812299315,.969911527052792,composition
pop_2544,-9,.1812868630331229,.1639510626927733,-.1400572198447128,.5026309459109586,.1414066042542348,.1665989707567082,.3960012828354162,.1044574241121583,.0941282670183754,.2671132740574373,.4068933812299315,.969911527052792,composition
pop_2544,-8,.1628655160406198,.1446354944001777,-.1206200529837285,.4463510850649681,.1414066042542348,.1665989707567082,.3960012828354162,.1044574241121583,.0941282670183754,.2671132740574373,.4068933812299315,.969911527052792,composition
pop_2544,-7,.1146547041962243,.1329745370060787,-.1459753883356899,.3752847967281385,.1414066042542348,.1665989707567082,.3960012828354162,.1044574241121583,.0941282670183754,.2671132740574373,.4068933812299315,.969911527052792,composition
pop_2544,-6,.1039160872718442,.1063301116392367,-.1044909315410597,.3123231060847481,.1414066042542348,.1665989707567082,.3960012828354162,.1044574241121583,.0941282670183754,.2671132740574373,.4068933812299315,.969911527052792,composition
pop_2544,-5,.068139119710239,.082726963594565,-.0940057289351084,.2302839683555864,.1414066042542348,.1665989707567082,.3960012828354162,.1044574241121583,.0941282670183754,.2671132740574373,.4068933812299315,.969911527052792,composition
pop_2544,-4,-.0054312954423908,.0654113692198956,-.1336375791133862,.1227749882286046,.1414066042542348,.1665989707567082,.3960012828354162,.1044574241121583,.0941282670183754,.2671132740574373,.4068933812299315,.969911527052792,composition
pop_2544,-3,-.0695139483871239,.0577944903293904,-.1827911494327291,.0437632526584813,.1414066042542348,.1665989707567082,.3960012828354162,.1044574241121583,.0941282670183754,.2671132740574373,.4068933812299315,.969911527052792,composition
pop_2544,-2,.0041237547455412,.0315205192176363,-.0576564629210259,.0659039724121084,.1414066042542348,.1665989707567082,.3960012828354162,.1044574241121583,.0941282670183754,.2671132740574373,.4068933812299315,.969911527052792,composition
pop_2544,0,.0157076190937528,.0314117697002735,-.0458594495187832,.0772746877062889,.1414066042542348,.1665989707567082,.3960012828354162,.1044574241121583,.0941282670183754,.2671132740574373,.4068933812299315,.969911527052792,composition
pop_2544,1,-.000081562309051,.0589476816622549,-.1156190183670706,.1154558937489686,.1414066042542348,.1665989707567082,.3960012828354162,.1044574241121583,.0941282670183754,.2671132740574373,.4068933812299315,.969911527052792,composition
pop_2544,2,.1032941409713835,.1038533875907381,-.1002584987064632,.3068467806492302,.1414066042542348,.1665989707567082,.3960012828354162,.1044574241121583,.0941282670183754,.2671132740574373,.4068933812299315,.969911527052792,composition
pop_2544,3,.1277066758981003,.1251829622977974,-.1176519302055826,.3730652820017832,.1414066042542348,.1665989707567082,.3960012828354162,.1044574241121583,.0941282670183754,.2671132740574373,.4068933812299315,.969911527052792,composition
pop_2544,4,.1397007823118443,.1508802943589408,-.1560245946316797,.4354261592553683,.1414066042542348,.1665989707567082,.3960012828354162,.1044574241121583,.0941282670183754,.2671132740574373,.4068933812299315,.969911527052792,composition
pop_2544,5,.1114964072743075,.1611733524719556,-.2044033635707255,.4273961781193404,.1414066042542348,.1665989707567082,.3960012828354162,.1044574241121583,.0941282670183754,.2671132740574373,.4068933812299315,.969911527052792,composition
pop_2544,6,.0960189514651535,.2141645707188618,-.3237436071438156,.5157815100741227,.1414066042542348,.1665989707567082,.3960012828354162,.1044574241121583,.0941282670183754,.2671132740574373,.4068933812299315,.969911527052792,composition
pop_2544,7,.1776585793961277,.2369834381139941,-.2868289593073008,.6421461180995561,.1414066042542348,.1665989707567082,.3960012828354162,.1044574241121583,.0941282670183754,.2671132740574373,.4068933812299315,.969911527052792,composition
pop_2544,8,.2460497729038331,.2768151917489708,-.2965080029241496,.7886075487318158,.1414066042542348,.1665989707567082,.3960012828354162,.1044574241121583,.0941282670183754,.2671132740574373,.4068933812299315,.969911527052792,composition
pop_2544,9,.2052601449854574,.2955103417841349,-.3739401249114469,.7844604148823617,.1414066042542348,.1665989707567082,.3960012828354162,.1044574241121583,.0941282670183754,.2671132740574373,.4068933812299315,.969911527052792,composition
pop_2544,10,.3326611348056734,.4055224355474887,-.4621628388674044,1.127485108478751,.1414066042542348,.1665989707567082,.3960012828354162,.1044574241121583,.0941282670183754,.2671132740574373,.4068933812299315,.969911527052792,composition
pop_4564,-1,0,0,0,0,-.0225242819026,.1015270353270404,.8244267509858046,-.1134983352361538,.0962321897695254,.2382302886188383,.7253196199174493,.9742107737619849,composition
pop_4564,-10,-.2991490569582809,.2243487965543651,-.7388726982048366,.1405745842882747,-.0225242819026,.1015270353270404,.8244267509858046,-.1134983352361538,.0962321897695254,.2382302886188383,.7253196199174493,.9742107737619849,composition
pop_4564,-9,-.1717636369136361,.1749973735109098,-.5147584889950193,.1712312151677471,-.0225242819026,.1015270353270404,.8244267509858046,-.1134983352361538,.0962321897695254,.2382302886188383,.7253196199174493,.9742107737619849,composition
pop_4564,-8,-.1449565173003251,.1559037217410719,-.450527811912826,.1606147773121758,-.0225242819026,.1015270353270404,.8244267509858046,-.1134983352361538,.0962321897695254,.2382302886188383,.7253196199174493,.9742107737619849,composition
pop_4564,-7,-.1609189610298653,.1324112776916681,-.4204450653055348,.0986071432458042,-.0225242819026,.1015270353270404,.8244267509858046,-.1134983352361538,.0962321897695254,.2382302886188383,.7253196199174493,.9742107737619849,composition
pop_4564,-6,-.1452989465866281,.1083311590378873,-.3576280183008872,.067030125127631,-.0225242819026,.1015270353270404,.8244267509858046,-.1134983352361538,.0962321897695254,.2382302886188383,.7253196199174493,.9742107737619849,composition
pop_4564,-5,-.0670625067953675,.081316220567548,-.2264422991077616,.0923172855170266,-.0225242819026,.1015270353270404,.8244267509858046,-.1134983352361538,.0962321897695254,.2382302886188383,.7253196199174493,.9742107737619849,composition
pop_4564,-4,-.0214805814099112,.0619097274809828,-.1428236472726375,.0998624844528151,-.0225242819026,.1015270353270404,.8244267509858046,-.1134983352361538,.0962321897695254,.2382302886188383,.7253196199174493,.9742107737619849,composition
pop_4564,-3,.0079683955395155,.0471405167843001,-.0844270173577127,.1003638084367437,-.0225242819026,.1015270353270404,.8244267509858046,-.1134983352361538,.0962321897695254,.2382302886188383,.7253196199174493,.9742107737619849,composition
pop_4564,-2,-.0188232056708857,.0249144775688348,-.0676555817058019,.0300091703640305,-.0225242819026,.1015270353270404,.8244267509858046,-.1134983352361538,.0962321897695254,.2382302886188383,.7253196199174493,.9742107737619849,composition
pop_4564,0,-.0025323010554621,.0231875127368855,-.0479798260197577,.0429152239088335,-.0225242819026,.1015270353270404,.8244267509858046,-.1134983352361538,.0962321897695254,.2382302886188383,.7253196199174493,.9742107737619849,composition
pop_4564,1,.0000562038947331,.0435674256190541,-.0853359503186129,.0854483581080791,-.0225242819026,.1015270353270404,.8244267509858046,-.1134983352361538,.0962321897695254,.2382302886188383,.7253196199174493,.9742107737619849,composition
pop_4564,2,.0246568962208887,.06400183805072,-.1007867063585225,.1501004988002999,-.0225242819026,.1015270353270404,.8244267509858046,-.1134983352361538,.0962321897695254,.2382302886188383,.7253196199174493,.9742107737619849,composition
pop_4564,3,.0433003195728905,.0866029281838515,-.1264414196674584,.2130420588132395,-.0225242819026,.1015270353270404,.8244267509858046,-.1134983352361538,.0962321897695254,.2382302886188383,.7253196199174493,.9742107737619849,composition
pop_4564,4,.0484937698740098,.1008696509970063,-.1492107460801226,.2461982858281422,-.0225242819026,.1015270353270404,.8244267509858046,-.1134983352361538,.0962321897695254,.2382302886188383,.7253196199174493,.9742107737619849,composition
pop_4564,5,.0524360872306726,.1127492464137991,-.1685524357403737,.2734246102017188,-.0225242819026,.1015270353270404,.8244267509858046,-.1134983352361538,.0962321897695254,.2382302886188383,.7253196199174493,.9742107737619849,composition
pop_4564,6,-.0590122373116398,.143611768568566,-.3404913037060291,.2224668290827496,-.0225242819026,.1015270353270404,.8244267509858046,-.1134983352361538,.0962321897695254,.2382302886188383,.7253196199174493,.9742107737619849,composition
pop_4564,7,-.1323329039236539,.1734379453494481,-.4722712768085722,.2076054689612643,-.0225242819026,.1015270353270404,.8244267509858046,-.1134983352361538,.0962321897695254,.2382302886188383,.7253196199174493,.9742107737619849,composition
pop_4564,8,-.1194503448066994,.1801666184684626,-.4725769170048861,.2336762273914873,-.0225242819026,.1015270353270404,.8244267509858046,-.1134983352361538,.0962321897695254,.2382302886188383,.7253196199174493,.9742107737619849,composition
pop_4564,9,-.0769551678176807,.1934001789701932,-.4560195185992594,.302109182963898,-.0225242819026,.1015270353270404,.8244267509858046,-.1134983352361538,.0962321897695254,.2382302886188383,.7253196199174493,.9742107737619849,composition
pop_4564,10,-.0264274228066592,.2262171554577887,-.4698130475039251,.4169582018906066,-.0225242819026,.1015270353270404,.8244267509858046,-.1134983352361538,.0962321897695254,.2382302886188383,.7253196199174493,.9742107737619849,composition
pop_over65,-1,0,0,0,0,-.1301824682342896,.10775240896037,.2269845900777243,.0166134457684149,.1076983271903248,.8774054539141096,.9663955983000606,.7319412775056537,composition
pop_over65,-10,-.061968599774342,.25021205363715,-.552384224903156,.428447025354472,-.1301824682342896,.10775240896037,.2269845900777243,.0166134457684149,.1076983271903248,.8774054539141096,.9663955983000606,.7319412775056537,composition
pop_over65,-9,.0203337394860931,.18883594419302,-.3497847111322261,.3904521901044122,-.1301824682342896,.10775240896037,.2269845900777243,.0166134457684149,.1076983271903248,.8774054539141096,.9663955983000606,.7319412775056537,composition
pop_over65,-8,.0417519849708906,.1734252015719761,-.2981614101101825,.3816653800519638,-.1301824682342896,.10775240896037,.2269845900777243,.0166134457684149,.1076983271903248,.8774054539141096,.9663955983000606,.7319412775056537,composition
pop_over65,-7,.045977798837163,.1438592667452032,-.2359863639834353,.3279419616577613,-.1301824682342896,.10775240896037,.2269845900777243,.0166134457684149,.1076983271903248,.8774054539141096,.9663955983000606,.7319412775056537,composition
pop_over65,-6,.0385552709026002,.1100173924395289,-.1770788182788764,.2541893600840768,-.1301824682342896,.10775240896037,.2269845900777243,.0166134457684149,.1076983271903248,.8774054539141096,.9663955983000606,.7319412775056537,composition
pop_over65,-5,.0347098594089077,.0785428748924997,-.1192341753803917,.1886538941982071,-.1301824682342896,.10775240896037,.2269845900777243,.0166134457684149,.1076983271903248,.8774054539141096,.9663955983000606,.7319412775056537,composition
pop_over65,-4,.0340643271285803,.0604411526067033,-.0844003319805582,.1525289862377188,-.1301824682342896,.10775240896037,.2269845900777243,.0166134457684149,.1076983271903248,.8774054539141096,.9663955983000606,.7319412775056537,composition
pop_over65,-3,.0098956708222745,.0437897454281534,-.0759322302169061,.0957235718614552,-.1301824682342896,.10775240896037,.2269845900777243,.0166134457684149,.1076983271903248,.8774054539141096,.9663955983000606,.7319412775056537,composition
pop_over65,-2,-.0137990398664328,.0225877973743094,-.0580711227200792,.0304730429872136,-.1301824682342896,.10775240896037,.2269845900777243,.0166134457684149,.1076983271903248,.8774054539141096,.9663955983000606,.7319412775056537,composition
pop_over65,0,.0220143207856247,.0235422192875244,-.0241284290179231,.0681570705891725,-.1301824682342896,.10775240896037,.2269845900777243,.0166134457684149,.1076983271903248,.8774054539141096,.9663955983000606,.7319412775056537,composition
pop_over65,1,.0039691313591194,.0449365826141644,-.0841065705646428,.0920448332828816,-.1301824682342896,.10775240896037,.2269845900777243,.0166134457684149,.1076983271903248,.8774054539141096,.9663955983000606,.7319412775056537,composition
pop_over65,2,-.0584151358825567,.0661321536951445,-.1880341571250399,.0712038853599265,-.1301824682342896,.10775240896037,.2269845900777243,.0166134457684149,.1076983271903248,.8774054539141096,.9663955983000606,.7319412775056537,composition
pop_over65,3,-.110623689965743,.0829591023986786,-.273223530667153,.051976150735667,-.1301824682342896,.10775240896037,.2269845900777243,.0166134457684149,.1076983271903248,.8774054539141096,.9663955983000606,.7319412775056537,composition
pop_over65,4,-.114822470937861,.0951297747789399,-.3012768295045832,.0716318876288612,-.1301824682342896,.10775240896037,.2269845900777243,.0166134457684149,.1076983271903248,.8774054539141096,.9663955983000606,.7319412775056537,composition
pop_over65,5,-.1029058175458003,.1099415156168013,-.3183911881547308,.1125795530631302,-.1301824682342896,.10775240896037,.2269845900777243,.0166134457684149,.1076983271903248,.8774054539141096,.9663955983000606,.7319412775056537,composition
pop_over65,6,-.1835472168810214,.1496635794471068,-.4768878325973507,.1097933988353079,-.1301824682342896,.10775240896037,.2269845900777243,.0166134457684149,.1076983271903248,.8774054539141096,.9663955983000606,.7319412775056537,composition
pop_over65,7,-.1790642749408058,.1794007734154308,-.5306897908350501,.1725612409534386,-.1301824682342896,.10775240896037,.2269845900777243,.0166134457684149,.1076983271903248,.8774054539141096,.9663955983000606,.7319412775056537,composition
pop_over65,8,-.2431955929583565,.2011568697274329,-.637463057624125,.151071871707412,-.1301824682342896,.10775240896037,.2269845900777243,.0166134457684149,.1076983271903248,.8774054539141096,.9663955983000606,.7319412775056537,composition
pop_over65,9,-.1628074338084479,.2261409661132041,-.606043727390328,.2804288597734321,-.1301824682342896,.10775240896037,.2269845900777243,.0166134457684149,.1076983271903248,.8774054539141096,.9663955983000606,.7319412775056537,composition
pop_over65,10,-.3026089698013367,.2351893337008197,-.7635800638549434,.1583621242522699,-.1301824682342896,.10775240896037,.2269845900777243,.0166134457684149,.1076983271903248,.8774054539141096,.9663955983000606,.7319412775056537,composition
edupct_leh,-1,0,0,0,0,-.0981226452236076,.2363011580993942,.6779632694171713,.0116234927202128,.7477324641670301,.9875973930134886,.1062263780192443,.4059663285259629,composition_edu
edupct_leh,-10,0,0,0,0,-.0981226452236076,.2363011580993942,.6779632694171713,.0116234927202128,.7477324641670301,.9875973930134886,.1062263780192443,.4059663285259629,composition_edu
edupct_leh,-9,1.329018143221294,1.591868467148086,-1.791044052388955,4.449080338831543,-.0981226452236076,.2363011580993942,.6779632694171713,.0116234927202128,.7477324641670301,.9875973930134886,.1062263780192443,.4059663285259629,composition_edu
edupct_leh,-8,2.190164726664709,1.683241840320034,-1.108989280362557,5.489318733691976,-.0981226452236076,.2363011580993942,.6779632694171713,.0116234927202128,.7477324641670301,.9875973930134886,.1062263780192443,.4059663285259629,composition_edu
edupct_leh,-7,-.5094580004679538,2.028183567609897,-4.484697792983352,3.465781792047445,-.0981226452236076,.2363011580993942,.6779632694171713,.0116234927202128,.7477324641670301,.9875973930134886,.1062263780192443,.4059663285259629,composition_edu
edupct_leh,-6,-1.069111561399613,1.718847594511004,-4.438052846641181,2.299829723841955,-.0981226452236076,.2363011580993942,.6779632694171713,.0116234927202128,.7477324641670301,.9875973930134886,.1062263780192443,.4059663285259629,composition_edu
edupct_leh,-5,-.9635365967667926,.8706759562579421,-2.670061471032359,.7429882774987739,-.0981226452236076,.2363011580993942,.6779632694171713,.0116234927202128,.7477324641670301,.9875973930134886,.1062263780192443,.4059663285259629,composition_edu
edupct_leh,-4,-.6589727901956526,.5174989913209059,-1.673270813184628,.355325232793323,-.0981226452236076,.2363011580993942,.6779632694171713,.0116234927202128,.7477324641670301,.9875973930134886,.1062263780192443,.4059663285259629,composition_edu
edupct_leh,-3,-.1359835741546436,.379814750491455,-.8804204851178954,.6084533368086082,-.0981226452236076,.2363011580993942,.6779632694171713,.0116234927202128,.7477324641670301,.9875973930134886,.1062263780192443,.4059663285259629,composition_edu
edupct_leh,-2,-.0775089124194316,.2692178969583855,-.6051759904578672,.450158165619004,-.0981226452236076,.2363011580993942,.6779632694171713,.0116234927202128,.7477324641670301,.9875973930134886,.1062263780192443,.4059663285259629,composition_edu
edupct_leh,0,-.3050226406983976,.2574233609830591,-.8095724282251935,.1995271468283983,-.0981226452236076,.2363011580993942,.6779632694171713,.0116234927202128,.7477324641670301,.9875973930134886,.1062263780192443,.4059663285259629,composition_edu
edupct_leh,1,-.0755875600814205,.3800216522452791,-.8204299984821676,.6692548783193265,-.0981226452236076,.2363011580993942,.6779632694171713,.0116234927202128,.7477324641670301,.9875973930134886,.1062263780192443,.4059663285259629,composition_edu
edupct_leh,2,.2006996975537334,.4584162914894666,-.6977962337656212,1.099195628873088,-.0981226452236076,.2363011580993942,.6779632694171713,.0116234927202128,.7477324641670301,.9875973930134886,.1062263780192443,.4059663285259629,composition_edu
edupct_leh,3,-.1412611746870075,.4534385023671798,-1.03000063932668,.747478289952665,-.0981226452236076,.2363011580993942,.6779632694171713,.0116234927202128,.7477324641670301,.9875973930134886,.1062263780192443,.4059663285259629,composition_edu
edupct_leh,4,.3966633484848253,.4241260311870177,-.4346236726417293,1.22795036961138,-.0981226452236076,.2363011580993942,.6779632694171713,.0116234927202128,.7477324641670301,.9875973930134886,.1062263780192443,.4059663285259629,composition_edu
edupct_leh,5,.2858812070550488,.4736024620027428,-.6423796184703271,1.214142032580425,-.0981226452236076,.2363011580993942,.6779632694171713,.0116234927202128,.7477324641670301,.9875973930134886,.1062263780192443,.4059663285259629,composition_edu
edupct_leh,6,-.4912401757044893,.4660550997565959,-1.404708171227417,.4222278198184387,-.0981226452236076,.2363011580993942,.6779632694171713,.0116234927202128,.7477324641670301,.9875973930134886,.1062263780192443,.4059663285259629,composition_edu
edupct_leh,7,-.5700112554046028,.4856876698515231,-1.521959088313588,.3819365775043825,-.0981226452236076,.2363011580993942,.6779632694171713,.0116234927202128,.7477324641670301,.9875973930134886,.1062263780192443,.4059663285259629,composition_edu
edupct_leh,8,-.174314180998383,.4721617705410811,-1.099751251258902,.7511228892621359,-.0981226452236076,.2363011580993942,.6779632694171713,.0116234927202128,.7477324641670301,.9875973930134886,.1062263780192443,.4059663285259629,composition_edu
edupct_leh,9,-.2051563629789904,.4373917847250335,-1.062444261040056,.6521315350820752,-.0981226452236076,.2363011580993942,.6779632694171713,.0116234927202128,.7477324641670301,.9875973930134886,.1062263780192443,.4059663285259629,composition_edu
edupct_leh,10,0,0,0,0,-.0981226452236076,.2363011580993942,.6779632694171713,.0116234927202128,.7477324641670301,.9875973930134886,.1062263780192443,.4059663285259629,composition_edu
allpop,-1,0,0,0,0,,,,,,,,,robust_main
allpop,-10,-.0227842158933518,.6610284834877026,-1.318400043529249,1.272831611742545,,,,,,,,,robust_main
allpop,-9,.0719527043223805,.6494306159143416,-1.200931302869729,1.34483671151449,,,,,,,,,robust_main
allpop,-8,.3676472374696715,.5662443073417456,-.7421916049201498,1.477486079859493,,,,,,,,,robust_main
allpop,-7,.3260204115982264,.598885423398472,-.8477950182627787,1.499835841459231,,,,,,,,,robust_main
allpop,-6,.6211741566994586,.4816403681475403,-.3228409648697204,1.565189278268638,,,,,,,,,robust_main
allpop,-5,.5229669564402093,.4396954593408118,-.3388361438677818,1.3847700567482,,,,,,,,,robust_main
allpop,-4,.4764885011630978,.3764765215741888,-.2614054811223122,1.214382483448508,,,,,,,,,robust_main
allpop,-3,.3324749961411042,.3282944576845245,-.3109821409205638,.9759321332027722,,,,,,,,,robust_main
allpop,-2,.2187757737948125,.2732308138644359,-.3167566213794818,.7543081689691068,,,,,,,,,robust_main
allpop,0,.0891166456100074,.2661094139289701,-.432457805690774,.6106910969107888,,,,,,,,,robust_main
allpop,1,.6516292553508574,.3345026584537629,-.0039959552185179,1.307254465920233,,,,,,,,,robust_main
allpop,2,.9297711693280026,.331326441550865,.2803713438883073,1.579170994767698,,,,,,,,,robust_main
allpop,3,.8222453871816011,.4485135848075359,-.0568412390411692,1.701332013404371,,,,,,,,,robust_main
allpop,4,.877863616496033,.4924503141755104,-.0873389992879674,1.843066232280033,,,,,,,,,robust_main
allpop,5,1.293015454395513,.8647310673492216,-.4018574376089612,2.987888346399987,,,,,,,,,robust_main
allpop,6,1.122159235441198,.5688682844351008,.0071773979484004,2.237141072933996,,,,,,,,,robust_main
allpop,7,.9941562175971251,.6853188862828705,-.3490687995173011,2.337381234711551,,,,,,,,,robust_main
allpop,8,1.567892545645958,.7588986324554681,.0804512260332406,3.055333865258675,,,,,,,,,robust_main
allpop,9,2.227584819686578,1.099118857411501,.0733118591600364,4.381857780213119,,,,,,,,,robust_main
allpop,10,1.272848881745374,.8904294713209726,-.4723928820437322,3.01809064553448,,,,,,,,,robust_main
allpop_t,-1,0,0,0,0,,,,,,,,,robust_main
allpop_t,-10,-.1552803317276945,.143535891705672,-.4366106794708116,.1260500160154226,,,,,,,,,robust_main
allpop_t,-9,-.0063252510629596,.1545020807917196,-.30914932941473,.2964988272888108,,,,,,,,,robust_main
allpop_t,-8,.0190441881971344,.144420327590591,-.264019653880424,.3021080302746927,,,,,,,,,robust_main
allpop_t,-7,-.0237351779815254,.162942715016673,-.3431028994142045,.2956325434511537,,,,,,,,,robust_main
allpop_t,-6,.0790341260463773,.1279736407294477,-.1717942097833402,.3298624618760948,,,,,,,,,robust_main
allpop_t,-5,.0670017210373443,.1264569687729725,-.1808539377576818,.3148573798323704,,,,,,,,,robust_main
allpop_t,-4,.0053507267409945,.1115156685904927,-.2132199836963712,.2239214371783602,,,,,,,,,robust_main
allpop_t,-3,.0686503907671311,.1089597246266007,-.1449106695010063,.2822114510352685,,,,,,,,,robust_main
allpop_t,-2,.0318577957505572,.089829820471775,-.1442086523741218,.2079242438752362,,,,,,,,,robust_main
allpop_t,0,-.029241372636637,.0856292929179769,-.1970747867558717,.1385920414825977,,,,,,,,,robust_main
allpop_t,1,.092445518499316,.0882409390291231,-.0805067219977653,.2653977589963973,,,,,,,,,robust_main
allpop_t,2,.2477929896723494,.0897052647306773,.0719706708002219,.4236153085444769,,,,,,,,,robust_main
allpop_t,3,.1484137994926036,.1041531376477096,-.0557263502969072,.3525539492821144,,,,,,,,,robust_main
allpop_t,4,.309124305488815,.091611394119664,.1295659730142735,.4886826379633564,,,,,,,,,robust_main
allpop_t,5,.26083303983608,.1212878204566803,.0231089117409866,.4985571679311734,,,,,,,,,robust_main
allpop_t,6,.2674656340562523,.1211137149889364,.0300827526779369,.5048485154345677,,,,,,,,,robust_main
allpop_t,7,.2562301633714146,.1426558735773185,-.0233753488401297,.5358356755829587,,,,,,,,,robust_main
allpop_t,8,.4101477415421074,.149394330558314,.117334853647812,.7029606294364028,,,,,,,,,robust_main
allpop_t,9,.453296569747429,.1544461295694288,.1505821557913485,.7560109837035094,,,,,,,,,robust_main
allpop_t,10,.3420546346470237,.1195167737611234,.1078017580752218,.5763075112188255,,,,,,,,,robust_main
allpop_rate,-1,0,0,0,0,,,,,,,,,robust_main
allpop_rate,-10,1.072902340396314,1.925107859537965,-2.700309064298097,4.846113745090725,,,,,,,,,robust_main
allpop_rate,-9,.9659488707545896,2.055669909918424,-3.063164152685522,4.9950618941947,,,,,,,,,robust_main
allpop_rate,-8,3.190329548074825,2.450146959794595,-1.611958493122581,7.992617589272231,,,,,,,,,robust_main
allpop_rate,-7,1.888085091054919,2.065969125461554,-2.161214394849727,5.937384576959564,,,,,,,,,robust_main
allpop_rate,-6,1.536621473541509,1.869685179860787,-2.127961478985633,5.201204426068651,,,,,,,,,robust_main
allpop_rate,-5,1.404558180183158,1.607564618379681,-1.746268471841017,4.555384832207332,,,,,,,,,robust_main
allpop_rate,-4,1.936237832042611,1.498797857005312,-1.0014059676878,4.873881631773022,,,,,,,,,robust_main
allpop_rate,-3,1.044741598398885,1.249285830457395,-1.403858629297609,3.49334182609538,,,,,,,,,robust_main
allpop_rate,-2,1.40754822498664,.9658264683678761,-.4854716530143972,3.300568102987677,,,,,,,,,robust_main
allpop_rate,0,.2702671465484504,1.051348496033612,-1.790375905677429,2.33091019877433,,,,,,,,,robust_main
allpop_rate,1,1.671404313112601,1.086266295292942,-.4576776256615651,3.800486251886767,,,,,,,,,robust_main
allpop_rate,2,2.527693629624757,1.038949590549695,.4913524321473548,4.564034827102159,,,,,,,,,robust_main
allpop_rate,3,1.941009035097343,1.389174209551472,-.7817724156235424,4.663790485818229,,,,,,,,,robust_main
allpop_rate,4,2.567900260610775,1.350826171413541,-.0797190353597652,5.215519556581315,,,,,,,,,robust_main
allpop_rate,5,2.586684346370995,1.581722452016638,-.5134916595816152,5.686860352323605,,,,,,,,,robust_main
allpop_rate,6,1.771763204173106,1.475516029683157,-1.120248214005882,4.663774622352094,,,,,,,,,robust_main
allpop_rate,7,2.500447554129826,2.37771137347757,-2.159866737886211,7.160761846145863,,,,,,,,,robust_main
allpop_rate,8,3.981601955595672,2.244740127552164,-.41808869440657,8.381292605597913,,,,,,,,,robust_main
allpop_rate,9,5.366559728036582,3.010064893869638,-.5331674639479091,11.26628692002107,,,,,,,,,robust_main
allpop_rate,10,3.046506808613111,1.752671175262311,-.3887286949010185,6.48174231212724,,,,,,,,,robust_main
allpop_rate_t,-1,0,0,0,0,,,,,,,,,robust_main
allpop_rate_t,-10,-.2050382869260613,.2433283227798797,-.6819617995746254,.2718852257225029,,,,,,,,,robust_main
allpop_rate_t,-9,.0408660572449553,.265030227915341,-.478593189469113,.5603253039590236,,,,,,,,,robust_main
allpop_rate_t,-8,.0801417033883664,.2590369245562046,-.4275706687417946,.5878540755185273,,,,,,,,,robust_main
allpop_rate_t,-7,.0234562554631789,.2660479413274943,-.49799770953871,.5449102204650678,,,,,,,,,robust_main
allpop_rate_t,-6,.0154370508376661,.2228821855906746,-.4214120329200561,.4522861345953883,,,,,,,,,robust_main
allpop_rate_t,-5,.0962592845739442,.2080641754520927,-.3115464993121575,.5040650684600458,,,,,,,,,robust_main
allpop_rate_t,-4,-.025545697001689,.1892477449438661,-.3964712770916666,.3453798830882885,,,,,,,,,robust_main
allpop_rate_t,-3,.0704318276192975,.1925785011772803,-.3070220346881719,.4478856899267669,,,,,,,,,robust_main
allpop_rate_t,-2,.0964235264000639,.1522852928223579,-.2020556475317575,.3949027003318853,,,,,,,,,robust_main
allpop_rate_t,0,-.1246352567673559,.139466084134751,-.3979887816714679,.1487182681367561,,,,,,,,,robust_main
allpop_rate_t,1,.0199223125655009,.1476636318806832,-.2694984059206382,.30934303105164,,,,,,,,,robust_main
allpop_rate_t,2,.279568445728826,.1500064758731344,-.0144442469825174,.5735811384401694,,,,,,,,,robust_main
allpop_rate_t,3,.0258518042448526,.1555866683175779,-.2790980656576,.3308016741473053,,,,,,,,,robust_main
allpop_rate_t,4,.3850434483421221,.1397829623546675,.1110688421269738,.6590180545572704,,,,,,,,,robust_main
allpop_rate_t,5,.3083013161899227,.1905858597834349,-.0652469689856097,.6818496013654551,,,,,,,,,robust_main
allpop_rate_t,6,.1597297957252275,.1790507076299733,-.1912095912295201,.5106691826799752,,,,,,,,,robust_main
allpop_rate_t,7,.2165854549774988,.2195790718922155,-.2137895259312436,.6469604358862412,,,,,,,,,robust_main
allpop_rate_t,8,.4539268426778105,.2199054744981978,.0229121126613429,.8849415726942782,,,,,,,,,robust_main
allpop_rate_t,9,.4220964721710386,.2389049784591231,-.0461572856088427,.8903502299509198,,,,,,,,,robust_main
allpop_rate_t,10,.3145071625700656,.1592701979336976,.0023375746200183,.626676750520113,,,,,,,,,robust_main
male_t,-1,0,0,0,0,,,,,,,,,robust_subgroup
male_t,-10,-.2113119187326508,.1376616226291162,-.4811286990857185,.0585048616204169,,,,,,,,,robust_subgroup
male_t,-9,-.1718465454568006,.1523157660386138,-.4703854468924836,.1266923559788824,,,,,,,,,robust_subgroup
male_t,-8,-.0174467858925725,.1349763646394204,-.2820004605858364,.2471068888006915,,,,,,,,,robust_subgroup
male_t,-7,-.0777575064558867,.1452754562192641,-.3624974006456443,.206982387733871,,,,,,,,,robust_subgroup
male_t,-6,.0035170988192084,.1210664793620442,-.2337732007303983,.240807398368815,,,,,,,,,robust_subgroup
male_t,-5,.043230336836622,.1234505278850413,-.1987326978180589,.285193371491303,,,,,,,,,robust_subgroup
male_t,-4,.0043298663238024,.1082434426271867,-.2078272812254836,.2164870138730883,,,,,,,,,robust_subgroup
male_t,-3,-.007951873235202,.0990681381445179,-.2021254239984571,.1862216775280531,,,,,,,,,robust_subgroup
male_t,-2,.0450329572874783,.0845882729502259,-.1207600576949645,.2108259722699211,,,,,,,,,robust_subgroup
male_t,0,-.0935632007881977,.0748988738821868,-.2403649935972838,.0532385920208884,,,,,,,,,robust_subgroup
male_t,1,.1176760275257033,.0837642554522113,-.0465019131606308,.2818539682120375,,,,,,,,,robust_subgroup
male_t,2,.2348400612782137,.0952229421626364,.0482030946394464,.4214770279169811,,,,,,,,,robust_subgroup
male_t,3,.1675022843860634,.0924811888908179,-.0137608458399397,.3487654146120664,,,,,,,,,robust_subgroup
male_t,4,.2642321530525916,.1042421117215415,.0599176140783703,.468546692026813,,,,,,,,,robust_subgroup
male_t,5,.1880432955127541,.122885035593648,-.052811374250796,.4288979652763042,,,,,,,,,robust_subgroup
male_t,6,.2551072552489581,.1257134226568375,.0087089468415566,.5015055636563596,,,,,,,,,robust_subgroup
male_t,7,.129189860872334,.1329885828486022,-.1314677615109263,.3898474832555944,,,,,,,,,robust_subgroup
male_t,8,.3779086460609236,.1301434985917004,.1228273888211908,.6329899033006564,,,,,,,,,robust_subgroup
male_t,9,.4050556960868474,.1490639333211098,.1128903867774722,.6972210053962226,,,,,,,,,robust_subgroup
male_t,10,.3097815324912236,.1237604952893232,.0672109617241501,.5523521032582971,,,,,,,,,robust_subgroup
female_t,-1,0,0,0,0,,,,,,,,,robust_subgroup
female_t,-10,.0449491738297792,.1228028792520949,-.1957444695043268,.2856428171638852,,,,,,,,,robust_subgroup
female_t,-9,.1625280541383484,.1353833521980246,-.1028233161697798,.4278794244464766,,,,,,,,,robust_subgroup
female_t,-8,.0548301514163958,.1226616273571718,-.1855866382036609,.2952469410364525,,,,,,,,,robust_subgroup
female_t,-7,.1107326864422738,.1321893013653379,-.1483583442337885,.3698237171183361,,,,,,,,,robust_subgroup
female_t,-6,.1364764763410748,.1240607402820912,-.106682574611824,.3796355272939735,,,,,,,,,robust_subgroup
female_t,-5,.0448065690477741,.1161224249243167,-.1827933838038866,.2724065218994348,,,,,,,,,robust_subgroup
female_t,-4,.0962908537716481,.1032389499535587,-.1060574881373269,.2986391956806231,,,,,,,,,robust_subgroup
female_t,-3,.1112744342754592,.0944652661264359,-.0738774873323551,.2964263558832735,,,,,,,,,robust_subgroup
female_t,-2,.0393284358572953,.0808924046991118,-.1192206773529638,.1978775490675544,,,,,,,,,robust_subgroup
female_t,0,.1056971025202022,.0765018611764785,-.0442465453856957,.2556407504261001,,,,,,,,,robust_subgroup
female_t,1,.0636875057747779,.0814488057223233,-.0959521534409758,.2233271649905316,,,,,,,,,robust_subgroup
female_t,2,.1380859080321553,.0747425536527117,-.0084094971271596,.2845813131914702,,,,,,,,,robust_subgroup
female_t,3,.1318755890086784,.1035406062660657,-.0710639992728104,.3348151772901672,,,,,,,,,robust_subgroup
female_t,4,.1850847026183276,.0792606734517234,.0297337826529497,.3404356225837055,,,,,,,,,robust_subgroup
female_t,5,.202850840489946,.105278202280405,-.0034944359796478,.4091961169595398,,,,,,,,,robust_subgroup
female_t,6,.1923322199829659,.1105175180810063,-.0242821154558064,.4089465554217382,,,,,,,,,robust_subgroup
female_t,7,.3189308302184232,.1441967233024697,.0363052525455826,.6015564078912639,,,,,,,,,robust_subgroup
female_t,8,.2949484356264119,.1448342159043644,.0110733724538576,.5788234987989661,,,,,,,,,robust_subgroup
female_t,9,.3688742246375666,.143478642938231,.0876560844786338,.6500923647964993,,,,,,,,,robust_subgroup
female_t,10,.2741631482133189,.1042583225513343,.0698168360127037,.4785094604139341,,,,,,,,,robust_subgroup
white_t,-1,0,0,0,0,,,,,,,,,robust_subgroup
white_t,-10,-.1356358931839841,.1452192531602422,-.4202656293780588,.1489938430100906,,,,,,,,,robust_subgroup
white_t,-9,.0046429520412511,.1549606855174613,-.299079991572973,.3083658956554752,,,,,,,,,robust_subgroup
white_t,-8,.0227788407330843,.1479611971943841,-.2672251057679086,.3127827872340772,,,,,,,,,robust_subgroup
white_t,-7,-.0002236571213087,.1655159000128788,-.3246348211465511,.3241875069039338,,,,,,,,,robust_subgroup
white_t,-6,.0998593024781572,.1279408784861755,-.1509048193547468,.3506234243110612,,,,,,,,,robust_subgroup
white_t,-5,.08432304014662,.1290366445562742,-.1685887831836774,.3372348634769174,,,,,,,,,robust_subgroup
white_t,-4,.023386405244519,.1111668840228016,-.1945006874401721,.2412734979292102,,,,,,,,,robust_subgroup
white_t,-3,.0817696205955855,.1101442255100257,-.1341130614040649,.2976523025952358,,,,,,,,,robust_subgroup
white_t,-2,.0446196104512913,.0902410247139025,-.1322527979879576,.2214920188905402,,,,,,,,,robust_subgroup
white_t,0,-.0434845446367837,.0852249940273328,-.210525532930356,.1235564436567886,,,,,,,,,robust_subgroup
white_t,1,.0928280158076386,.0883492921270554,-.08033659676139,.2659926283766672,,,,,,,,,robust_subgroup
white_t,2,.2661288259189697,.0895471221518982,.0906164665012492,.4416411853366902,,,,,,,,,robust_subgroup
white_t,3,.1492448161585989,.1040058817522354,-.0546067120757825,.3530963443929803,,,,,,,,,robust_subgroup
white_t,4,.3258008536247267,.0918707501442947,.1457341833419091,.5058675239075443,,,,,,,,,robust_subgroup
white_t,5,.2844810962758564,.1212492185161669,.0468326279841693,.5221295645675434,,,,,,,,,robust_subgroup
white_t,6,.2546510595328391,.119591807937046,.0202511159762289,.4890510030894493,,,,,,,,,robust_subgroup
white_t,7,.2202811393045662,.1439565242485078,-.0618736482225091,.5024359268316415,,,,,,,,,robust_subgroup
white_t,8,.3654525127442887,.1502702839249604,.0709227562513663,.659982269237211,,,,,,,,,robust_subgroup
white_t,9,.439865704143319,.1541616915932735,.137708788620503,.742022619666135,,,,,,,,,robust_subgroup
white_t,10,.3457661405238001,.1176504677751239,.1151712236845573,.576361057363043,,,,,,,,,robust_subgroup
nonwhite_t,-1,0,0,0,0,,,,,,,,,robust_subgroup
nonwhite_t,-10,.021641974979102,.0414896353158968,-.0596777102400557,.1029616601982597,,,,,,,,,robust_subgroup
nonwhite_t,-9,.0438129341788321,.0337027281330795,-.0222444129620037,.1098702813196679,,,,,,,,,robust_subgroup
nonwhite_t,-8,.0375003501891226,.0443951764380091,-.0495141956293752,.1245148960076204,,,,,,,,,robust_subgroup
nonwhite_t,-7,.0178902985067357,.0313399948970222,-.0435360914914278,.0793166885048992,,,,,,,,,robust_subgroup
nonwhite_t,-6,.0124273824948783,.0316696545339273,-.0496451403916192,.0744999053813758,,,,,,,,,robust_subgroup
nonwhite_t,-5,.0217813153808993,.0343977548978155,-.0456382842188191,.0892009149806177,,,,,,,,,robust_subgroup
nonwhite_t,-4,.0019850171278403,.0204738629524472,-.0381437542589562,.0421137885146368,,,,,,,,,robust_subgroup
nonwhite_t,-3,-.0030766968543704,.0243158456570751,-.0507357543422376,.0445823606334968,,,,,,,,,robust_subgroup
nonwhite_t,-2,-.0172587271442687,.0184155825245984,-.0533532688924816,.0188358146039442,,,,,,,,,robust_subgroup
nonwhite_t,0,.031220848792077,.0234749399911441,-.0147900335905654,.0772317311747194,,,,,,,,,robust_subgroup
nonwhite_t,1,.0268623236389681,.0236118419573412,-.0194168865974206,.0731415338753569,,,,,,,,,robust_subgroup
nonwhite_t,2,-.0074733807072154,.023286495352862,-.0531149115988249,.0381681501843941,,,,,,,,,robust_subgroup
nonwhite_t,3,.034426649340133,.0308643516588447,-.0260674799112026,.0949207785914686,,,,,,,,,robust_subgroup
nonwhite_t,4,-.0316013592401488,.0312862922945204,-.0929224921374088,.0297197736571112,,,,,,,,,robust_subgroup
nonwhite_t,5,-.0346851844516017,.0333406095765957,-.1000327792217293,.0306624103185259,,,,,,,,,robust_subgroup
nonwhite_t,6,.0598768726214013,.0502946165102659,-.0387005757387199,.1584543209815225,,,,,,,,,robust_subgroup
nonwhite_t,7,.0061527595335642,.0449907153493498,-.0820290425511614,.0943345616182898,,,,,,,,,robust_subgroup
nonwhite_t,8,.0721889178236371,.0591276966432846,-.0437013675972007,.1880792032444749,,,,,,,,,robust_subgroup
nonwhite_t,9,.0590229615539536,.0556360004907009,-.0500235994078202,.1680695225157273,,,,,,,,,robust_subgroup
nonwhite_t,10,.0263962721142748,.0457318679377764,-.0632381890437669,.1160307332723165,,,,,,,,,robust_subgroup
leh_t,-1,0,0,0,0,,,,,,,,,robust_subgroup
leh_t,-10,-.221207309532068,.1472209512792561,-.50976037403941,.067345754975274,,,,,,,,,robust_subgroup
leh_t,-9,-.0200840373292075,.1590726604816428,-.3318664518732274,.2916983772148124,,,,,,,,,robust_subgroup
leh_t,-8,-.0414523853099626,.1419766216228017,-.3197265636906539,.2368217930707287,,,,,,,,,robust_subgroup
leh_t,-7,.0456599818955511,.1430744484546649,-.2347659370755921,.3260859008666943,,,,,,,,,robust_subgroup
leh_t,-6,.1191074346624805,.1254957970861076,-.1268643276262904,.3650791969512514,,,,,,,,,robust_subgroup
leh_t,-5,.0407848567291788,.1385436881489305,-.230760772042725,.3123304855010826,,,,,,,,,robust_subgroup
leh_t,-4,-.018440304638348,.1083964318425084,-.2308973110496645,.1940167017729685,,,,,,,,,robust_subgroup
leh_t,-3,.043241399471192,.1045800157238634,-.1617354313475802,.2482182302899643,,,,,,,,,robust_subgroup
leh_t,-2,-.0046416103941444,.0879138575185842,-.1769527711305694,.1676695503422806,,,,,,,,,robust_subgroup
leh_t,0,-.003729085132028,.0797305532585225,-.1600009695187321,.1525427992546761,,,,,,,,,robust_subgroup
leh_t,1,.1192407136572409,.0873917051498281,-.0520470284364222,.290528455750904,,,,,,,,,robust_subgroup
leh_t,2,.2771728944739156,.0917327423941098,.0973767193814604,.4569690695663708,,,,,,,,,robust_subgroup
leh_t,3,.1396969248782888,.1058589437173234,-.0677866048076651,.3471804545642427,,,,,,,,,robust_subgroup
leh_t,4,.368696147220508,.1013295804695281,.1700901695002329,.567302124940783,,,,,,,,,robust_subgroup
leh_t,5,.2739048487164798,.1193177062315308,.0400421445026794,.5077675529302802,,,,,,,,,robust_subgroup
leh_t,6,.3287840933379894,.1358122017656022,.0625921778774091,.5949760087985697,,,,,,,,,robust_subgroup
leh_t,7,.3014378955908712,.1364311184405873,.0340329034473201,.5688428877344223,,,,,,,,,robust_subgroup
leh_t,8,.5384482096956373,.1506055491616182,.2432613333388657,.833635086052409,,,,,,,,,robust_subgroup
leh_t,9,.5151290874713899,.1610097997087596,.1995498800422211,.8307082949005586,,,,,,,,,robust_subgroup
leh_t,10,.3068773233365176,.1338475530816576,.0445361192964687,.5692185273765665,,,,,,,,,robust_subgroup
hh_t,-1,0,0,0,0,,,,,,,,,robust_subgroup
hh_t,-10,.0002136386510346,.0943184244987381,-.1846504733664921,.1850777506685613,,,,,,,,,robust_subgroup
hh_t,-9,.0020209429277957,.103291265421404,-.2004299372981561,.2044718231537475,,,,,,,,,robust_subgroup
hh_t,-8,.1046261072339621,.0925223629334691,-.0767177241156373,.2859699385835616,,,,,,,,,robust_subgroup
hh_t,-7,.0390920779032871,.1097746875939699,-.1760663097808939,.2542504655874681,,,,,,,,,robust_subgroup
hh_t,-6,.0881749980828914,.1089749846070079,-.125415971746844,.3017659679126269,,,,,,,,,robust_subgroup
hh_t,-5,.1480464648831567,.0834809343766703,-.0155761664951171,.3116690962614305,,,,,,,,,robust_subgroup
hh_t,-4,.0693630486075664,.0725000262851394,-.0727370029113068,.2114631001264396,,,,,,,,,robust_subgroup
hh_t,-3,.0713296976702272,.0773072849295761,-.080192580791742,.2228519761321964,,,,,,,,,robust_subgroup
hh_t,-2,.0934632567506874,.0605333250034031,-.0251820602559827,.2121085737573575,,,,,,,,,robust_subgroup
hh_t,0,-.0215078273581068,.0547628147130943,-.1288429441957716,.085827289479558,,,,,,,,,robust_subgroup
hh_t,1,.0608986708620431,.0709718127782798,-.0782060821833853,.2000034239074715,,,,,,,,,robust_subgroup
hh_t,2,.0014388364450257,.0705954038733018,-.1369281551466458,.1398058280366972,,,,,,,,,robust_subgroup
hh_t,3,.0948271339126084,.0819048165780069,-.0657063065802851,.2553605744055019,,,,,,,,,robust_subgroup
hh_t,4,.0527063824568275,.0784220789186593,-.1010008922237447,.2064136571373997,,,,,,,,,robust_subgroup
hh_t,5,.1022645261877726,.0984833597149645,-.0907628588535578,.295291911229103,,,,,,,,,robust_subgroup
hh_t,6,.0336639170890714,.0879298692484533,-.138678626637897,.2060064608160398,,,,,,,,,robust_subgroup
hh_t,7,.0950486023306345,.1031893481449771,-.1072025200335206,.2972997246947896,,,,,,,,,robust_subgroup
hh_t,8,.0523335747654701,.1097966845378985,-.1628679269288109,.2675350764597512,,,,,,,,,robust_subgroup
hh_t,9,.1103530926467716,.1168850296615152,-.1187415654897982,.3394477507833414,,,,,,,,,robust_subgroup
hh_t,10,.2476600348522445,.1033597979938674,.0450748307842644,.4502452389202246,,,,,,,,,robust_subgroup
p_tdistressed1,-1,0,0,0,0,,,,,,,,,robust_subsample
p_tdistressed1,-10,-.2039464769380811,.287345601725522,-.7671438563201042,.359250902443942,,,,,,,,,robust_subsample
p_tdistressed1,-9,-.3092351478319653,.3915803950963487,-1.076732722220809,.458262426556878,,,,,,,,,robust_subsample
p_tdistressed1,-8,.0638447997985578,.3696655980203938,-.660699772321414,.7883893719185296,,,,,,,,,robust_subsample
p_tdistressed1,-7,.2200419188661541,.3335644679934113,-.433744438400932,.8738282761332402,,,,,,,,,robust_subsample
p_tdistressed1,-6,-.1946860925165814,.3261156702919748,-.8338728062888521,.4445006212556892,,,,,,,,,robust_subsample
p_tdistressed1,-5,.0261691031878903,.2444920558450142,-.4530353262683375,.5053735326441181,,,,,,,,,robust_subsample
p_tdistressed1,-4,.1457290337061224,.2262704800373817,-.2977611071671458,.5892191745793905,,,,,,,,,robust_subsample
p_tdistressed1,-3,-.1082413303956443,.2324142139955231,-.5637731898268695,.3472905290355809,,,,,,,,,robust_subsample
p_tdistressed1,-2,.1135341635372321,.1773247065470084,-.2340222612949044,.4610905883693686,,,,,,,,,robust_subsample
p_tdistressed1,0,.130911928789586,.1374501001974879,-.1384902675974903,.4003141251766623,,,,,,,,,robust_subsample
p_tdistressed1,1,.1803246938446082,.1605426586854849,-.1343389171789422,.4949883048681586,,,,,,,,,robust_subsample
p_tdistressed1,2,.2457253517498475,.1595316673685147,-.0669567162924413,.5584074197921363,,,,,,,,,robust_subsample
p_tdistressed1,3,.0901137028756691,.1791428213895913,-.2610062270479299,.4412336327992681,,,,,,,,,robust_subsample
p_tdistressed1,4,.4710177363141143,.1856392969014532,.107164714387266,.8348707582409626,,,,,,,,,robust_subsample
p_tdistressed1,5,.3711175120261329,.2030999886644478,-.0269584657561848,.7691934898084506,,,,,,,,,robust_subsample
p_tdistressed1,6,.2579950125594635,.180260627426558,-.0953158171965902,.6113058423155171,,,,,,,,,robust_subsample
p_tdistressed1,7,.5814594034157179,.2339429470767714,.122931227145246,1.03998757968619,,,,,,,,,robust_subsample
p_tdistressed1,8,.7169549535471287,.2673155551753059,.1930164654035291,1.240893441690728,,,,,,,,,robust_subsample
p_tdistressed1,9,.389314595381221,.2610793500914919,-.1224009307981032,.9010301215605452,,,,,,,,,robust_subsample
p_tdistressed1,10,.3798766937001262,.1640451589790396,.0583481821012086,.7014052052990438,,,,,,,,,robust_subsample
p_tdistressed0,-1,0,0,0,0,,,,,,,,,robust_subsample
p_tdistressed0,-10,-.1563185543431078,.1670966578010398,-.4838280036331458,.1711908949469302,,,,,,,,,robust_subsample
p_tdistressed0,-9,.1083541162164122,.1685153654659765,-.2219360000969018,.4386442325297262,,,,,,,,,robust_subsample
p_tdistressed0,-8,.0102840638673557,.1662198458100634,-.3155068339203686,.33607496165508,,,,,,,,,robust_subsample
p_tdistressed0,-7,-.0709514577708119,.19492708915021,-.4530085525052235,.3111056369635997,,,,,,,,,robust_subsample
p_tdistressed0,-6,.1199030441102401,.1553572018142065,-.1845970714456047,.4244031596660849,,,,,,,,,robust_subsample
p_tdistressed0,-5,.0860553704522957,.1622107198096133,-.2318776403745463,.4039883812791378,,,,,,,,,robust_subsample
p_tdistressed0,-4,-.0630272302894609,.1353857783337103,-.3283833558235331,.2023288952446113,,,,,,,,,robust_subsample
p_tdistressed0,-3,.1311733105663391,.126403778610507,-.1165780955102546,.3789247166429328,,,,,,,,,robust_subsample
p_tdistressed0,-2,-.0112456019814582,.1121754892847908,-.2311095609796482,.2086183570167318,,,,,,,,,robust_subsample
p_tdistressed0,0,-.0571603167156125,.1136714466972363,-.2799563522421956,.1656357188109706,,,,,,,,,robust_subsample
p_tdistressed0,1,.0213049994349042,.1134033724607243,-.2009656105881154,.2435756094579238,,,,,,,,,robust_subsample
p_tdistressed0,2,.2128826602546045,.1228616281085496,-.0279261308381527,.4536914513473617,,,,,,,,,robust_subsample
p_tdistressed0,3,.1859160385414139,.1365598196392338,-.0817412079514843,.4535732850343122,,,,,,,,,robust_subsample
p_tdistressed0,4,.263640473978743,.1191357228406112,.030134457211145,.497146490746341,,,,,,,,,robust_subsample
p_tdistressed0,5,.2199943487096018,.1689309678196443,-.1111103482169011,.5510990456361047,,,,,,,,,robust_subsample
p_tdistressed0,6,.2924672484472014,.1685295950744068,-.0378507578986359,.6227852547930387,,,,,,,,,robust_subsample
p_tdistressed0,7,.1393828232488925,.2009030519679591,-.2543871586083074,.5331528051060923,,,,,,,,,robust_subsample
p_tdistressed0,8,.215135570570953,.2076216461150136,-.1918028558144736,.6220739969563797,,,,,,,,,robust_subsample
p_tdistressed0,9,.3836199797071081,.2133393952257374,-.0345252349353372,.8017651943495534,,,,,,,,,robust_subsample
p_tdistressed0,10,.2380440807388237,.1853106205986506,-.1251647356345315,.6012528971121789,,,,,,,,,robust_subsample
p_tlowmdi1,-1,0,0,0,0,,,,,,,,,robust_subsample
p_tlowmdi1,-10,-.2303784517109636,.209928175026559,-.6418376747630192,.181080771341092,,,,,,,,,robust_subsample
p_tlowmdi1,-9,-.164591327370659,.2877827288333201,-.7286454758839664,.3994628211426485,,,,,,,,,robust_subsample
p_tlowmdi1,-8,.0239019556422395,.268496510943725,-.5023512058074615,.5501551170919405,,,,,,,,,robust_subsample
p_tlowmdi1,-7,.1680459373737149,.2515189400687458,-.3249311851610269,.6610230599084567,,,,,,,,,robust_subsample
p_tlowmdi1,-6,.062061963711004,.2268549144045801,-.3825736685219731,.506697595943981,,,,,,,,,robust_subsample
p_tlowmdi1,-5,-.0549907741466989,.2177043917705739,-.4816913820170238,.371709833723626,,,,,,,,,robust_subsample
p_tlowmdi1,-4,.0062931689452728,.1884322186705639,-.3630339796490324,.375620317539578,,,,,,,,,robust_subsample
p_tlowmdi1,-3,.0648804313162907,.2013200223621983,-.3297068125136179,.4594676751461994,,,,,,,,,robust_subsample
p_tlowmdi1,-2,.1971617493988303,.14805363491965,-.0930233750436837,.4873468738413443,,,,,,,,,robust_subsample
p_tlowmdi1,0,.0510886582369752,.1346507643548945,-.212826839898618,.3150041563725684,,,,,,,,,robust_subsample
p_tlowmdi1,1,.1543963712981161,.1455877307182122,-.1309555809095798,.4397483235058121,,,,,,,,,robust_subsample
p_tlowmdi1,2,.2141008075224204,.1292909756599057,-.0393095047709948,.4675111198158355,,,,,,,,,robust_subsample
p_tlowmdi1,3,.0624532880217588,.153655503315561,-.2387114984767407,.3636180745202583,,,,,,,,,robust_subsample
p_tlowmdi1,4,.4184558496153795,.1474757886245919,.1294033039111794,.7075083953195797,,,,,,,,,robust_subsample
p_tlowmdi1,5,.4906664932477832,.1595797245605801,.1778902331090462,.8034427533865203,,,,,,,,,robust_subsample
p_tlowmdi1,6,.0610784801728732,.1592263877669655,-.2510052398503791,.3731622001961256,,,,,,,,,robust_subsample
p_tlowmdi1,7,.3530604814295048,.1770423322763849,.0060575101677904,.7000634526912193,,,,,,,,,robust_subsample
p_tlowmdi1,8,.6001492769703081,.2125372494805734,.1835762679883842,1.016722285952232,,,,,,,,,robust_subsample
p_tlowmdi1,9,.6252842140358571,.2320054108570099,.1705536087561177,1.080014819315597,,,,,,,,,robust_subsample
p_tlowmdi1,10,.4716450810311466,.1481746829795824,.1812227023911651,.7620674596711281,,,,,,,,,robust_subsample
p_tlowmdi0,-1,0,0,0,0,,,,,,,,,robust_subsample
p_tlowmdi0,-10,-.1257393240332118,.2122085476448593,-.5416680774171361,.2901894293507124,,,,,,,,,robust_subsample
p_tlowmdi0,-9,-.0015808539627299,.2067617360095955,-.406833856541537,.4036721486160773,,,,,,,,,robust_subsample
p_tlowmdi0,-8,-.0219099619945948,.1894736219853526,-.3932782610858859,.3494583370966963,,,,,,,,,robust_subsample
p_tlowmdi0,-7,-.1446733502664737,.2197441678186719,-.5753719191910707,.2860252186581232,,,,,,,,,robust_subsample
p_tlowmdi0,-6,.0811844809305094,.174383579404913,-.2606073347031201,.4229762965641389,,,,,,,,,robust_subsample
p_tlowmdi0,-5,.1247720651586993,.1963511248426144,-.2600761395328249,.5096202698502236,,,,,,,,,robust_subsample
p_tlowmdi0,-4,-.1124389431819278,.1507158810613543,-.4078420700621823,.1829641836983266,,,,,,,,,robust_subsample
p_tlowmdi0,-3,.0843099687919422,.1350643948644213,-.1804162451423235,.3490361827262079,,,,,,,,,robust_subsample
p_tlowmdi0,-2,-.1014805081100927,.128105714540068,-.352567708608626,.1496066923884406,,,,,,,,,robust_subsample
p_tlowmdi0,0,-.1625216154442624,.1238470518676832,-.4052618371049215,.0802186062163966,,,,,,,,,robust_subsample
p_tlowmdi0,1,-.0750134276835367,.1366984143613861,-.3429423198318535,.1929154644647801,,,,,,,,,robust_subsample
p_tlowmdi0,2,.1394596575764682,.1508311488070943,-.1561693940854366,.4350887092383731,,,,,,,,,robust_subsample
p_tlowmdi0,3,.0829683528775901,.1552665276439623,-.2213540413045759,.3872907470597562,,,,,,,,,robust_subsample
p_tlowmdi0,4,.1638523832061491,.1506810899580041,-.1314825531115389,.4591873195238371,,,,,,,,,robust_subsample
p_tlowmdi0,5,-.0078785790170856,.2093271433866016,-.4181597800548247,.4024026220206535,,,,,,,,,robust_subsample
p_tlowmdi0,6,.2422984644978336,.2151747921883315,-.1794441281912961,.6640410571869633,,,,,,,,,robust_subsample
p_tlowmdi0,7,.0169403347892077,.2558054998077212,-.4844384448339259,.5183191144123414,,,,,,,,,robust_subsample
p_tlowmdi0,8,.1316206198339495,.2705146123402067,-.3985880203528557,.6618292600207546,,,,,,,,,robust_subsample
p_tlowmdi0,9,.274845983518251,.2557124730403963,-.2263504636409258,.7760424306774278,,,,,,,,,robust_subsample
p_tlowmdi0,10,.1187271682490546,.2017948034743945,-.2767906465607586,.5142449830588678,,,,,,,,,robust_subsample
